<annotation>
	<folder>images</folder>
	<filename>000049 (2).jpg</filename>
	<path>C:\Users\wassu\OneDrive\釣りAIプロジェクト\ImageDetection\images\000049 (2).jpg</path>
	<source>
		<database>Unknown</database>
	</source>
	<size>
		<width>1002</width>
		<height>666</height>
		<depth>3</depth>
	</size>
	<segmented>0</segmented>
	<object>
		<name>kiss</name>
		<pose>Unspecified</pose>
		<truncated>0</truncated>
		<difficult>0</difficult>
		<bndbox>
			<xmin>60</xmin>
			<ymin>229</ymin>
			<xmax>945</xmax>
			<ymax>425</ymax>
		</bndbox>
	</object>
</annotation>
