<annotation>
	<folder>images</folder>
	<filename>000056.png</filename>
	<path>C:\Users\wassu\OneDrive\釣りAIプロジェクト\ImageDetection\images\000056.png</path>
	<source>
		<database>Unknown</database>
	</source>
	<size>
		<width>658</width>
		<height>370</height>
		<depth>3</depth>
	</size>
	<segmented>0</segmented>
	<object>
		<name>kiss</name>
		<pose>Unspecified</pose>
		<truncated>0</truncated>
		<difficult>0</difficult>
		<bndbox>
			<xmin>8</xmin>
			<ymin>80</ymin>
			<xmax>642</xmax>
			<ymax>243</ymax>
		</bndbox>
	</object>
</annotation>
