<annotation>
	<folder>images</folder>
	<filename>000090.jpg</filename>
	<path>C:\Users\wassu\OneDrive\釣りAIプロジェクト\ImageDetection\images\000090.jpg</path>
	<source>
		<database>Unknown</database>
	</source>
	<size>
		<width>406</width>
		<height>137</height>
		<depth>3</depth>
	</size>
	<segmented>0</segmented>
	<object>
		<name>kiss</name>
		<pose>Unspecified</pose>
		<truncated>0</truncated>
		<difficult>0</difficult>
		<bndbox>
			<xmin>13</xmin>
			<ymin>13</ymin>
			<xmax>378</xmax>
			<ymax>126</ymax>
		</bndbox>
	</object>
</annotation>
