<annotation>
	<folder>images</folder>
	<filename>000053 (3).jpg</filename>
	<path>C:\Users\wassu\OneDrive\釣りAIプロジェクト\ImageDetection\images\000053 (3).jpg</path>
	<source>
		<database>Unknown</database>
	</source>
	<size>
		<width>832</width>
		<height>263</height>
		<depth>3</depth>
	</size>
	<segmented>0</segmented>
	<object>
		<name>kiss</name>
		<pose>Unspecified</pose>
		<truncated>0</truncated>
		<difficult>0</difficult>
		<bndbox>
			<xmin>34</xmin>
			<ymin>15</ymin>
			<xmax>807</xmax>
			<ymax>231</ymax>
		</bndbox>
	</object>
</annotation>
