<annotation>
	<folder>images</folder>
	<filename>000041.png</filename>
	<path>C:\Users\wassu\OneDrive\釣りAIプロジェクト\ImageDetection\images\000041.png</path>
	<source>
		<database>Unknown</database>
	</source>
	<size>
		<width>626</width>
		<height>288</height>
		<depth>3</depth>
	</size>
	<segmented>0</segmented>
	<object>
		<name>kiss</name>
		<pose>Unspecified</pose>
		<truncated>0</truncated>
		<difficult>0</difficult>
		<bndbox>
			<xmin>17</xmin>
			<ymin>21</ymin>
			<xmax>607</xmax>
			<ymax>236</ymax>
		</bndbox>
	</object>
</annotation>
