<annotation verified="yes">
	<folder>images</folder>
	<filename>000015 (3).JPG</filename>
	<path>C:\Users\wassu\OneDrive\釣りAIプロジェクト\ImageDetection\images\000015 (3).JPG</path>
	<source>
		<database>Unknown</database>
	</source>
	<size>
		<width>220</width>
		<height>146</height>
		<depth>3</depth>
	</size>
	<segmented>0</segmented>
	<object>
		<name>kiss</name>
		<pose>Unspecified</pose>
		<truncated>0</truncated>
		<difficult>0</difficult>
		<bndbox>
			<xmin>10</xmin>
			<ymin>43</ymin>
			<xmax>170</xmax>
			<ymax>94</ymax>
		</bndbox>
	</object>
</annotation>
