<annotation verified="yes">
	<folder>images</folder>
	<filename>000013.jpg</filename>
	<path>C:\Users\wassu\OneDrive\釣りAIプロジェクト\ImageDetection\images\000013.jpg</path>
	<source>
		<database>Unknown</database>
	</source>
	<size>
		<width>567</width>
		<height>377</height>
		<depth>3</depth>
	</size>
	<segmented>0</segmented>
	<object>
		<name>kiss</name>
		<pose>Unspecified</pose>
		<truncated>0</truncated>
		<difficult>0</difficult>
		<bndbox>
			<xmin>7</xmin>
			<ymin>130</ymin>
			<xmax>555</xmax>
			<ymax>257</ymax>
		</bndbox>
	</object>
</annotation>
