<annotation>
	<folder>images</folder>
	<filename>000060.png</filename>
	<path>C:\Users\wassu\OneDrive\釣りAIプロジェクト\ImageDetection\images\000060.png</path>
	<source>
		<database>Unknown</database>
	</source>
	<size>
		<width>10</width>
		<height>10</height>
		<depth>3</depth>
	</size>
	<segmented>0</segmented>
	<object>
		<name>kiss</name>
		<pose>Unspecified</pose>
		<truncated>0</truncated>
		<difficult>0</difficult>
		<bndbox>
			<xmin>10</xmin>
			<ymin>37</ymin>
			<xmax>644</xmax>
			<ymax>167</ymax>
		</bndbox>
	</object>
</annotation>
