<annotation verified="yes">
	<folder>images</folder>
	<filename>000017 (2).png</filename>
	<path>C:\Users\wassu\OneDrive\釣りAIプロジェクト\ImageDetection\images\000017 (2).png</path>
	<source>
		<database>Unknown</database>
	</source>
	<size>
		<width>1600</width>
		<height>1013</height>
		<depth>3</depth>
	</size>
	<segmented>0</segmented>
	<object>
		<name>kiss</name>
		<pose>Unspecified</pose>
		<truncated>0</truncated>
		<difficult>0</difficult>
		<bndbox>
			<xmin>60</xmin>
			<ymin>158</ymin>
			<xmax>1467</xmax>
			<ymax>889</ymax>
		</bndbox>
	</object>
</annotation>
