<annotation>
	<folder>images</folder>
	<filename>000037.png</filename>
	<path>C:\Users\wassu\OneDrive\釣りAIプロジェクト\ImageDetection\images\000037.png</path>
	<source>
		<database>Unknown</database>
	</source>
	<size>
		<width>520</width>
		<height>184</height>
		<depth>3</depth>
	</size>
	<segmented>0</segmented>
	<object>
		<name>kiss</name>
		<pose>Unspecified</pose>
		<truncated>0</truncated>
		<difficult>0</difficult>
		<bndbox>
			<xmin>5</xmin>
			<ymin>17</ymin>
			<xmax>513</xmax>
			<ymax>170</ymax>
		</bndbox>
	</object>
</annotation>
