<annotation>
	<folder>images</folder>
	<filename>000054.JPG</filename>
	<path>C:\Users\wassu\OneDrive\釣りAIプロジェクト\ImageDetection\images\000054.JPG</path>
	<source>
		<database>Unknown</database>
	</source>
	<size>
		<width>220</width>
		<height>146</height>
		<depth>3</depth>
	</size>
	<segmented>0</segmented>
	<object>
		<name>kiss</name>
		<pose>Unspecified</pose>
		<truncated>0</truncated>
		<difficult>0</difficult>
		<bndbox>
			<xmin>9</xmin>
			<ymin>41</ymin>
			<xmax>173</xmax>
			<ymax>93</ymax>
		</bndbox>
	</object>
</annotation>
