<annotation>
	<folder>images</folder>
	<filename>000064 (3).JPG</filename>
	<path>C:\Users\wassu\OneDrive\釣りAIプロジェクト\ImageDetection\images\000064 (3).JPG</path>
	<source>
		<database>Unknown</database>
	</source>
	<size>
		<width>1600</width>
		<height>960</height>
		<depth>3</depth>
	</size>
	<segmented>0</segmented>
	<object>
		<name>kiss</name>
		<pose>Unspecified</pose>
		<truncated>0</truncated>
		<difficult>0</difficult>
		<bndbox>
			<xmin>100</xmin>
			<ymin>289</ymin>
			<xmax>1551</xmax>
			<ymax>660</ymax>
		</bndbox>
	</object>
</annotation>
