<annotation>
	<folder>images</folder>
	<filename>000088.jpg</filename>
	<path>C:\Users\wassu\OneDrive\釣りAIプロジェクト\ImageDetection\images\000088.jpg</path>
	<source>
		<database>Unknown</database>
	</source>
	<size>
		<width>537</width>
		<height>414</height>
		<depth>3</depth>
	</size>
	<segmented>0</segmented>
	<object>
		<name>kiss</name>
		<pose>Unspecified</pose>
		<truncated>0</truncated>
		<difficult>0</difficult>
		<bndbox>
			<xmin>17</xmin>
			<ymin>77</ymin>
			<xmax>529</xmax>
			<ymax>347</ymax>
		</bndbox>
	</object>
</annotation>
