<annotation verified="yes">
	<folder>images</folder>
	<filename>000009 (3).jpg</filename>
	<path>C:\Users\wassu\OneDrive\釣りAIプロジェクト\ImageDetection\images\000009 (3).jpg</path>
	<source>
		<database>Unknown</database>
	</source>
	<size>
		<width>695</width>
		<height>460</height>
		<depth>3</depth>
	</size>
	<segmented>0</segmented>
	<object>
		<name>kiss</name>
		<pose>Unspecified</pose>
		<truncated>0</truncated>
		<difficult>0</difficult>
		<bndbox>
			<xmin>6</xmin>
			<ymin>109</ymin>
			<xmax>550</xmax>
			<ymax>360</ymax>
		</bndbox>
	</object>
</annotation>
