<annotation>
	<folder>images</folder>
	<filename>000023.jpg</filename>
	<path>C:\Users\wassu\OneDrive\釣りAIプロジェクト\ImageDetection\images\000023.jpg</path>
	<source>
		<database>Unknown</database>
	</source>
	<size>
		<width>1105</width>
		<height>790</height>
		<depth>3</depth>
	</size>
	<segmented>0</segmented>
	<object>
		<name>kiss</name>
		<pose>Unspecified</pose>
		<truncated>0</truncated>
		<difficult>0</difficult>
		<bndbox>
			<xmin>108</xmin>
			<ymin>420</ymin>
			<xmax>534</xmax>
			<ymax>693</ymax>
		</bndbox>
	</object>
	<object>
		<name>kiss</name>
		<pose>Unspecified</pose>
		<truncated>0</truncated>
		<difficult>0</difficult>
		<bndbox>
			<xmin>443</xmin>
			<ymin>225</ymin>
			<xmax>950</xmax>
			<ymax>398</ymax>
		</bndbox>
	</object>
	<object>
		<name>kiss</name>
		<pose>Unspecified</pose>
		<truncated>0</truncated>
		<difficult>0</difficult>
		<bndbox>
			<xmin>613</xmin>
			<ymin>254</ymin>
			<xmax>1012</xmax>
			<ymax>589</ymax>
		</bndbox>
	</object>
</annotation>
