<annotation>
	<folder>images</folder>
	<filename>000070.jpg</filename>
	<path>C:\Users\wassu\OneDrive\釣りAIプロジェクト\ImageDetection\images\000070.jpg</path>
	<source>
		<database>Unknown</database>
	</source>
	<size>
		<width>742</width>
		<height>458</height>
		<depth>3</depth>
	</size>
	<segmented>0</segmented>
	<object>
		<name>kiss</name>
		<pose>Unspecified</pose>
		<truncated>0</truncated>
		<difficult>0</difficult>
		<bndbox>
			<xmin>7</xmin>
			<ymin>35</ymin>
			<xmax>364</xmax>
			<ymax>179</ymax>
		</bndbox>
	</object>
	<object>
		<name>kiss</name>
		<pose>Unspecified</pose>
		<truncated>0</truncated>
		<difficult>0</difficult>
		<bndbox>
			<xmin>2</xmin>
			<ymin>294</ymin>
			<xmax>499</xmax>
			<ymax>428</ymax>
		</bndbox>
	</object>
	<object>
		<name>kiss</name>
		<pose>Unspecified</pose>
		<truncated>0</truncated>
		<difficult>0</difficult>
		<bndbox>
			<xmin>5</xmin>
			<ymin>132</ymin>
			<xmax>602</xmax>
			<ymax>292</ymax>
		</bndbox>
	</object>
</annotation>
