<annotation verified="yes">
	<folder>images</folder>
	<filename>000014 (2).jpg</filename>
	<path>C:\Users\wassu\OneDrive\釣りAIプロジェクト\ImageDetection\images\000014 (2).jpg</path>
	<source>
		<database>Unknown</database>
	</source>
	<size>
		<width>700</width>
		<height>400</height>
		<depth>3</depth>
	</size>
	<segmented>0</segmented>
	<object>
		<name>kiss</name>
		<pose>Unspecified</pose>
		<truncated>0</truncated>
		<difficult>0</difficult>
		<bndbox>
			<xmin>23</xmin>
			<ymin>179</ymin>
			<xmax>668</xmax>
			<ymax>296</ymax>
		</bndbox>
	</object>
</annotation>
