<annotation>
	<folder>images</folder>
	<filename>000071.jpg</filename>
	<path>C:\Users\wassu\OneDrive\釣りAIプロジェクト\ImageDetection\images\000071.jpg</path>
	<source>
		<database>Unknown</database>
	</source>
	<size>
		<width>562</width>
		<height>387</height>
		<depth>3</depth>
	</size>
	<segmented>0</segmented>
	<object>
		<name>kiss</name>
		<pose>Unspecified</pose>
		<truncated>0</truncated>
		<difficult>0</difficult>
		<bndbox>
			<xmin>33</xmin>
			<ymin>43</ymin>
			<xmax>518</xmax>
			<ymax>151</ymax>
		</bndbox>
	</object>
	<object>
		<name>kiss</name>
		<pose>Unspecified</pose>
		<truncated>0</truncated>
		<difficult>0</difficult>
		<bndbox>
			<xmin>35</xmin>
			<ymin>190</ymin>
			<xmax>365</xmax>
			<ymax>259</ymax>
		</bndbox>
	</object>
	<object>
		<name>kiss</name>
		<pose>Unspecified</pose>
		<truncated>0</truncated>
		<difficult>0</difficult>
		<bndbox>
			<xmin>10</xmin>
			<ymin>285</ymin>
			<xmax>334</xmax>
			<ymax>370</ymax>
		</bndbox>
	</object>
</annotation>
