<annotation>
	<folder>images</folder>
	<filename>000039 (2).jpg</filename>
	<path>C:\Users\wassu\OneDrive\釣りAIプロジェクト\ImageDetection\images\000039 (2).jpg</path>
	<source>
		<database>Unknown</database>
	</source>
	<size>
		<width>1162</width>
		<height>399</height>
		<depth>3</depth>
	</size>
	<segmented>0</segmented>
	<object>
		<name>kiss</name>
		<pose>Unspecified</pose>
		<truncated>0</truncated>
		<difficult>0</difficult>
		<bndbox>
			<xmin>12</xmin>
			<ymin>29</ymin>
			<xmax>1150</xmax>
			<ymax>352</ymax>
		</bndbox>
	</object>
</annotation>
