<annotation>
	<folder>images</folder>
	<filename>000081.jpg</filename>
	<path>C:\Users\wassu\OneDrive\釣りAIプロジェクト\ImageDetection\images\000081.jpg</path>
	<source>
		<database>Unknown</database>
	</source>
	<size>
		<width>450</width>
		<height>286</height>
		<depth>3</depth>
	</size>
	<segmented>0</segmented>
	<object>
		<name>kiss</name>
		<pose>Unspecified</pose>
		<truncated>0</truncated>
		<difficult>0</difficult>
		<bndbox>
			<xmin>82</xmin>
			<ymin>77</ymin>
			<xmax>369</xmax>
			<ymax>172</ymax>
		</bndbox>
	</object>
	<object>
		<name>kiss</name>
		<pose>Unspecified</pose>
		<truncated>0</truncated>
		<difficult>0</difficult>
		<bndbox>
			<xmin>87</xmin>
			<ymin>33</ymin>
			<xmax>331</xmax>
			<ymax>181</ymax>
		</bndbox>
	</object>
	<object>
		<name>kiss</name>
		<pose>Unspecified</pose>
		<truncated>0</truncated>
		<difficult>0</difficult>
		<bndbox>
			<xmin>74</xmin>
			<ymin>171</ymin>
			<xmax>372</xmax>
			<ymax>260</ymax>
		</bndbox>
	</object>
</annotation>
