<annotation>
	<folder>images</folder>
	<filename>000053 (2).jpg</filename>
	<path>C:\Users\wassu\OneDrive\釣りAIプロジェクト\ImageDetection\images\000053 (2).jpg</path>
	<source>
		<database>Unknown</database>
	</source>
	<size>
		<width>480</width>
		<height>360</height>
		<depth>3</depth>
	</size>
	<segmented>0</segmented>
	<object>
		<name>kiss</name>
		<pose>Unspecified</pose>
		<truncated>1</truncated>
		<difficult>0</difficult>
		<bndbox>
			<xmin>53</xmin>
			<ymin>87</ymin>
			<xmax>480</xmax>
			<ymax>188</ymax>
		</bndbox>
	</object>
	<object>
		<name>kiss</name>
		<pose>Unspecified</pose>
		<truncated>0</truncated>
		<difficult>0</difficult>
		<bndbox>
			<xmin>112</xmin>
			<ymin>189</ymin>
			<xmax>205</xmax>
			<ymax>339</ymax>
		</bndbox>
	</object>
</annotation>
