<annotation>
	<folder>images</folder>
	<filename>000101.jpg</filename>
	<path>C:\Users\wassu\OneDrive\釣りAIプロジェクト\ImageDetection\images\000101.jpg</path>
	<source>
		<database>Unknown</database>
	</source>
	<size>
		<width>909</width>
		<height>736</height>
		<depth>3</depth>
	</size>
	<segmented>0</segmented>
	<object>
		<name>kiss</name>
		<pose>Unspecified</pose>
		<truncated>1</truncated>
		<difficult>0</difficult>
		<bndbox>
			<xmin>288</xmin>
			<ymin>340</ymin>
			<xmax>909</xmax>
			<ymax>629</ymax>
		</bndbox>
	</object>
</annotation>
