<annotation>
	<folder>images</folder>
	<filename>000190.jpg</filename>
	<path>C:\Users\wassu\OneDrive\釣りAIプロジェクト\ImageDetection\images\000190.jpg</path>
	<source>
		<database>Unknown</database>
	</source>
	<size>
		<width>640</width>
		<height>523</height>
		<depth>3</depth>
	</size>
	<segmented>0</segmented>
	<object>
		<name>kiss</name>
		<pose>Unspecified</pose>
		<truncated>0</truncated>
		<difficult>0</difficult>
		<bndbox>
			<xmin>272</xmin>
			<ymin>27</ymin>
			<xmax>379</xmax>
			<ymax>469</ymax>
		</bndbox>
	</object>
	<object>
		<name>kiss</name>
		<pose>Unspecified</pose>
		<truncated>0</truncated>
		<difficult>0</difficult>
		<bndbox>
			<xmin>401</xmin>
			<ymin>13</ymin>
			<xmax>606</xmax>
			<ymax>441</ymax>
		</bndbox>
	</object>
</annotation>
