<annotation>
	<folder>images</folder>
	<filename>000189.jpg</filename>
	<path>C:\Users\wassu\OneDrive\釣りAIプロジェクト\ImageDetection\images\000189.jpg</path>
	<source>
		<database>Unknown</database>
	</source>
	<size>
		<width>428</width>
		<height>241</height>
		<depth>3</depth>
	</size>
	<segmented>0</segmented>
	<object>
		<name>kiss</name>
		<pose>Unspecified</pose>
		<truncated>0</truncated>
		<difficult>0</difficult>
		<bndbox>
			<xmin>211</xmin>
			<ymin>92</ymin>
			<xmax>345</xmax>
			<ymax>131</ymax>
		</bndbox>
	</object>
	<object>
		<name>kiss</name>
		<pose>Unspecified</pose>
		<truncated>0</truncated>
		<difficult>0</difficult>
		<bndbox>
			<xmin>146</xmin>
			<ymin>6</ymin>
			<xmax>274</xmax>
			<ymax>52</ymax>
		</bndbox>
	</object>
	<object>
		<name>kiss</name>
		<pose>Unspecified</pose>
		<truncated>0</truncated>
		<difficult>0</difficult>
		<bndbox>
			<xmin>91</xmin>
			<ymin>145</ymin>
			<xmax>189</xmax>
			<ymax>214</ymax>
		</bndbox>
	</object>
	<object>
		<name>kiss</name>
		<pose>Unspecified</pose>
		<truncated>0</truncated>
		<difficult>0</difficult>
		<bndbox>
			<xmin>241</xmin>
			<ymin>172</ymin>
			<xmax>360</xmax>
			<ymax>216</ymax>
		</bndbox>
	</object>
</annotation>
