<annotation>
	<folder>images</folder>
	<filename>000184.png</filename>
	<path>C:\Users\wassu\OneDrive\釣りAIプロジェクト\ImageDetection\images\000184.png</path>
	<source>
		<database>Unknown</database>
	</source>
	<size>
		<width>648</width>
		<height>350</height>
		<depth>3</depth>
	</size>
	<segmented>0</segmented>
	<object>
		<name>kiss</name>
		<pose>Unspecified</pose>
		<truncated>0</truncated>
		<difficult>0</difficult>
		<bndbox>
			<xmin>22</xmin>
			<ymin>101</ymin>
			<xmax>633</xmax>
			<ymax>263</ymax>
		</bndbox>
	</object>
</annotation>
