<annotation>
	<folder>images</folder>
	<filename>000107.jpg</filename>
	<path>C:\Users\wassu\OneDrive\釣りAIプロジェクト\ImageDetection\images\000107.jpg</path>
	<source>
		<database>Unknown</database>
	</source>
	<size>
		<width>381</width>
		<height>572</height>
		<depth>3</depth>
	</size>
	<segmented>0</segmented>
	<object>
		<name>kiss</name>
		<pose>Unspecified</pose>
		<truncated>0</truncated>
		<difficult>0</difficult>
		<bndbox>
			<xmin>232</xmin>
			<ymin>186</ymin>
			<xmax>327</xmax>
			<ymax>547</ymax>
		</bndbox>
	</object>
</annotation>
