<annotation>
	<folder>images</folder>
	<filename>000214.jpg</filename>
	<path>C:\Users\wassu\OneDrive\釣りAIプロジェクト\ImageDetection\images\000214.jpg</path>
	<source>
		<database>Unknown</database>
	</source>
	<size>
		<width>600</width>
		<height>600</height>
		<depth>3</depth>
	</size>
	<segmented>0</segmented>
	<object>
		<name>kiss</name>
		<pose>Unspecified</pose>
		<truncated>0</truncated>
		<difficult>0</difficult>
		<bndbox>
			<xmin>77</xmin>
			<ymin>270</ymin>
			<xmax>469</xmax>
			<ymax>451</ymax>
		</bndbox>
	</object>
</annotation>
