<annotation>
	<folder>images</folder>
	<filename>000215.jpg</filename>
	<path>C:\Users\wassu\OneDrive\釣りAIプロジェクト\ImageDetection\images\000215.jpg</path>
	<source>
		<database>Unknown</database>
	</source>
	<size>
		<width>216</width>
		<height>216</height>
		<depth>3</depth>
	</size>
	<segmented>0</segmented>
	<object>
		<name>kiss</name>
		<pose>Unspecified</pose>
		<truncated>0</truncated>
		<difficult>0</difficult>
		<bndbox>
			<xmin>7</xmin>
			<ymin>16</ymin>
			<xmax>208</xmax>
			<ymax>205</ymax>
		</bndbox>
	</object>
</annotation>
