<annotation verified="yes">
	<folder>G_images</folder>
	<filename>000092.jpg</filename>
	<path>/Users/macbook/Desktop/G_images/000092.jpg</path>
	<source>
		<database>Unknown</database>
	</source>
	<size>
		<width>300</width>
		<height>245</height>
		<depth>3</depth>
	</size>
	<segmented>0</segmented>
	<object>
		<name>gonzui</name>
		<pose>Unspecified</pose>
		<truncated>1</truncated>
		<difficult>0</difficult>
		<bndbox>
			<xmin>2</xmin>
			<ymin>10</ymin>
			<xmax>300</xmax>
			<ymax>241</ymax>
		</bndbox>
	</object>
</annotation>
