<annotation verified="yes">
	<folder>G_images</folder>
	<filename>000040.JPG</filename>
	<path>/Users/macbook/Desktop/G_images/000040.JPG</path>
	<source>
		<database>Unknown</database>
	</source>
	<size>
		<width>640</width>
		<height>480</height>
		<depth>3</depth>
	</size>
	<segmented>0</segmented>
	<object>
		<name>gonzui</name>
		<pose>Unspecified</pose>
		<truncated>0</truncated>
		<difficult>0</difficult>
		<bndbox>
			<xmin>59</xmin>
			<ymin>74</ymin>
			<xmax>587</xmax>
			<ymax>339</ymax>
		</bndbox>
	</object>
</annotation>
