<annotation verified="yes">
	<folder>G_images</folder>
	<filename>000009.jpg</filename>
	<path>/Users/macbook/Desktop/G_images/000009.jpg</path>
	<source>
		<database>Unknown</database>
	</source>
	<size>
		<width>1000</width>
		<height>750</height>
		<depth>3</depth>
	</size>
	<segmented>0</segmented>
	<object>
		<name>gonzui</name>
		<pose>Unspecified</pose>
		<truncated>0</truncated>
		<difficult>0</difficult>
		<bndbox>
			<xmin>338</xmin>
			<ymin>110</ymin>
			<xmax>876</xmax>
			<ymax>636</ymax>
		</bndbox>
	</object>
</annotation>
