<annotation verified="yes">
	<folder>G_images</folder>
	<filename>000014.png</filename>
	<path>/Users/macbook/Desktop/G_images/000014.png</path>
	<source>
		<database>Unknown</database>
	</source>
	<size>
		<width>640</width>
		<height>480</height>
		<depth>3</depth>
	</size>
	<segmented>0</segmented>
	<object>
		<name>gonzui</name>
		<pose>Unspecified</pose>
		<truncated>1</truncated>
		<difficult>0</difficult>
		<bndbox>
			<xmin>3</xmin>
			<ymin>1</ymin>
			<xmax>640</xmax>
			<ymax>370</ymax>
		</bndbox>
	</object>
</annotation>
