<annotation verified="yes">
	<folder>G_images</folder>
	<filename>000015.jpg</filename>
	<path>/Users/macbook/Desktop/G_images/000015.jpg</path>
	<source>
		<database>Unknown</database>
	</source>
	<size>
		<width>450</width>
		<height>198</height>
		<depth>3</depth>
	</size>
	<segmented>0</segmented>
	<object>
		<name>gonzui</name>
		<pose>Unspecified</pose>
		<truncated>1</truncated>
		<difficult>0</difficult>
		<bndbox>
			<xmin>9</xmin>
			<ymin>52</ymin>
			<xmax>450</xmax>
			<ymax>165</ymax>
		</bndbox>
	</object>
</annotation>
