<annotation verified="yes">
	<folder>G_images</folder>
	<filename>000064.JPG</filename>
	<path>/Users/macbook/Desktop/G_images/000064.JPG</path>
	<source>
		<database>Unknown</database>
	</source>
	<size>
		<width>316</width>
		<height>104</height>
		<depth>3</depth>
	</size>
	<segmented>0</segmented>
	<object>
		<name>gonzui</name>
		<pose>Unspecified</pose>
		<truncated>1</truncated>
		<difficult>0</difficult>
		<bndbox>
			<xmin>3</xmin>
			<ymin>22</ymin>
			<xmax>316</xmax>
			<ymax>94</ymax>
		</bndbox>
	</object>
</annotation>
