<annotation verified="yes">
	<folder>G_images</folder>
	<filename>000082.jpg</filename>
	<path>/Users/macbook/Desktop/G_images/000082.jpg</path>
	<source>
		<database>Unknown</database>
	</source>
	<size>
		<width>1024</width>
		<height>768</height>
		<depth>3</depth>
	</size>
	<segmented>0</segmented>
	<object>
		<name>gonzui</name>
		<pose>Unspecified</pose>
		<truncated>0</truncated>
		<difficult>0</difficult>
		<bndbox>
			<xmin>107</xmin>
			<ymin>393</ymin>
			<xmax>549</xmax>
			<ymax>712</ymax>
		</bndbox>
	</object>
	<object>
		<name>gonzui</name>
		<pose>Unspecified</pose>
		<truncated>0</truncated>
		<difficult>0</difficult>
		<bndbox>
			<xmin>524</xmin>
			<ymin>121</ymin>
			<xmax>939</xmax>
			<ymax>234</ymax>
		</bndbox>
	</object>
</annotation>
