<annotation verified="yes">
	<folder>G_images</folder>
	<filename>000096.jpg</filename>
	<path>/Users/macbook/Desktop/G_images/000096.jpg</path>
	<source>
		<database>Unknown</database>
	</source>
	<size>
		<width>640</width>
		<height>480</height>
		<depth>3</depth>
	</size>
	<segmented>0</segmented>
	<object>
		<name>gonzui</name>
		<pose>Unspecified</pose>
		<truncated>0</truncated>
		<difficult>0</difficult>
		<bndbox>
			<xmin>34</xmin>
			<ymin>122</ymin>
			<xmax>530</xmax>
			<ymax>286</ymax>
		</bndbox>
	</object>
</annotation>
