<annotation verified="yes">
	<folder>G_images</folder>
	<filename>000021.jpg</filename>
	<path>/Users/macbook/Desktop/G_images/000021.jpg</path>
	<source>
		<database>Unknown</database>
	</source>
	<size>
		<width>720</width>
		<height>480</height>
		<depth>3</depth>
	</size>
	<segmented>0</segmented>
	<object>
		<name>gonzui</name>
		<pose>Unspecified</pose>
		<truncated>0</truncated>
		<difficult>0</difficult>
		<bndbox>
			<xmin>13</xmin>
			<ymin>103</ymin>
			<xmax>700</xmax>
			<ymax>334</ymax>
		</bndbox>
	</object>
</annotation>
