<annotation verified="yes">
	<folder>G_images</folder>
	<filename>000027.JPG</filename>
	<path>/Users/macbook/Desktop/G_images/000027.JPG</path>
	<source>
		<database>Unknown</database>
	</source>
	<size>
		<width>2048</width>
		<height>1536</height>
		<depth>3</depth>
	</size>
	<segmented>0</segmented>
	<object>
		<name>gonzui</name>
		<pose>Unspecified</pose>
		<truncated>0</truncated>
		<difficult>0</difficult>
		<bndbox>
			<xmin>36</xmin>
			<ymin>194</ymin>
			<xmax>720</xmax>
			<ymax>696</ymax>
		</bndbox>
	</object>
</annotation>
