<annotation verified="yes">
	<folder>G_images</folder>
	<filename>000007.jpg</filename>
	<path>/Users/macbook/Desktop/G_images/000007.jpg</path>
	<source>
		<database>Unknown</database>
	</source>
	<size>
		<width>768</width>
		<height>511</height>
		<depth>3</depth>
	</size>
	<segmented>0</segmented>
	<object>
		<name>gonzui</name>
		<pose>Unspecified</pose>
		<truncated>0</truncated>
		<difficult>0</difficult>
		<bndbox>
			<xmin>114</xmin>
			<ymin>19</ymin>
			<xmax>718</xmax>
			<ymax>481</ymax>
		</bndbox>
	</object>
</annotation>
