<annotation verified="yes">
	<folder>G_images</folder>
	<filename>000047.jpg</filename>
	<path>/Users/macbook/Desktop/G_images/000047.jpg</path>
	<source>
		<database>Unknown</database>
	</source>
	<size>
		<width>320</width>
		<height>240</height>
		<depth>3</depth>
	</size>
	<segmented>0</segmented>
	<object>
		<name>gonzui</name>
		<pose>Unspecified</pose>
		<truncated>0</truncated>
		<difficult>0</difficult>
		<bndbox>
			<xmin>109</xmin>
			<ymin>17</ymin>
			<xmax>254</xmax>
			<ymax>63</ymax>
		</bndbox>
	</object>
	<object>
		<name>gonzui</name>
		<pose>Unspecified</pose>
		<truncated>0</truncated>
		<difficult>0</difficult>
		<bndbox>
			<xmin>46</xmin>
			<ymin>198</ymin>
			<xmax>201</xmax>
			<ymax>229</ymax>
		</bndbox>
	</object>
</annotation>
