<annotation verified="yes">
	<folder>G_images</folder>
	<filename>000077.jpg</filename>
	<path>/Users/macbook/Desktop/G_images/000077.jpg</path>
	<source>
		<database>Unknown</database>
	</source>
	<size>
		<width>2000</width>
		<height>765</height>
		<depth>3</depth>
	</size>
	<segmented>0</segmented>
	<object>
		<name>gonzui</name>
		<pose>Unspecified</pose>
		<truncated>1</truncated>
		<difficult>0</difficult>
		<bndbox>
			<xmin>44</xmin>
			<ymin>23</ymin>
			<xmax>2000</xmax>
			<ymax>695</ymax>
		</bndbox>
	</object>
</annotation>
