<annotation verified="yes">
	<folder>G_images</folder>
	<filename>000072.jpg</filename>
	<path>/Users/macbook/Desktop/G_images/000072.jpg</path>
	<source>
		<database>Unknown</database>
	</source>
	<size>
		<width>480</width>
		<height>340</height>
		<depth>3</depth>
	</size>
	<segmented>0</segmented>
	<object>
		<name>gonzui</name>
		<pose>Unspecified</pose>
		<truncated>0</truncated>
		<difficult>0</difficult>
		<bndbox>
			<xmin>201</xmin>
			<ymin>97</ymin>
			<xmax>477</xmax>
			<ymax>178</ymax>
		</bndbox>
	</object>
</annotation>
