<annotation verified="yes">
	<folder>G_images</folder>
	<filename>000029.JPG</filename>
	<path>/Users/macbook/Desktop/G_images/000029.JPG</path>
	<source>
		<database>Unknown</database>
	</source>
	<size>
		<width>450</width>
		<height>301</height>
		<depth>3</depth>
	</size>
	<segmented>0</segmented>
	<object>
		<name>gonzui</name>
		<pose>Unspecified</pose>
		<truncated>0</truncated>
		<difficult>0</difficult>
		<bndbox>
			<xmin>150</xmin>
			<ymin>83</ymin>
			<xmax>247</xmax>
			<ymax>135</ymax>
		</bndbox>
	</object>
</annotation>
