<annotation verified="yes">
	<folder>G_images</folder>
	<filename>000054.jpg</filename>
	<path>/Users/macbook/Desktop/G_images/000054.jpg</path>
	<source>
		<database>Unknown</database>
	</source>
	<size>
		<width>1200</width>
		<height>800</height>
		<depth>3</depth>
	</size>
	<segmented>0</segmented>
	<object>
		<name>gonzui</name>
		<pose>Unspecified</pose>
		<truncated>0</truncated>
		<difficult>0</difficult>
		<bndbox>
			<xmin>57</xmin>
			<ymin>276</ymin>
			<xmax>1176</xmax>
			<ymax>618</ymax>
		</bndbox>
	</object>
</annotation>
