<annotation verified="yes">
	<folder>G_images</folder>
	<filename>000075.jpg</filename>
	<path>/Users/macbook/Desktop/G_images/000075.jpg</path>
	<source>
		<database>Unknown</database>
	</source>
	<size>
		<width>450</width>
		<height>337</height>
		<depth>3</depth>
	</size>
	<segmented>0</segmented>
	<object>
		<name>gonzui</name>
		<pose>Unspecified</pose>
		<truncated>0</truncated>
		<difficult>0</difficult>
		<bndbox>
			<xmin>22</xmin>
			<ymin>56</ymin>
			<xmax>437</xmax>
			<ymax>329</ymax>
		</bndbox>
	</object>
</annotation>
