<annotation verified="yes">
	<folder>G_images</folder>
	<filename>000003.jpg</filename>
	<path>/Users/macbook/Desktop/G_images/000003.jpg</path>
	<source>
		<database>Unknown</database>
	</source>
	<size>
		<width>1200</width>
		<height>800</height>
		<depth>3</depth>
	</size>
	<segmented>0</segmented>
	<object>
		<name>gonzui</name>
		<pose>Unspecified</pose>
		<truncated>0</truncated>
		<difficult>0</difficult>
		<bndbox>
			<xmin>68</xmin>
			<ymin>233</ymin>
			<xmax>751</xmax>
			<ymax>459</ymax>
		</bndbox>
	</object>
	<object>
		<name>gonzui</name>
		<pose>Unspecified</pose>
		<truncated>0</truncated>
		<difficult>0</difficult>
		<bndbox>
			<xmin>231</xmin>
			<ymin>308</ymin>
			<xmax>1186</xmax>
			<ymax>657</ymax>
		</bndbox>
	</object>
</annotation>
