<annotation verified="yes">
	<folder>G_images</folder>
	<filename>000030.jpg</filename>
	<path>/Users/macbook/Desktop/G_images/000030.jpg</path>
	<source>
		<database>Unknown</database>
	</source>
	<size>
		<width>1200</width>
		<height>800</height>
		<depth>3</depth>
	</size>
	<segmented>0</segmented>
	<object>
		<name>gonzui</name>
		<pose>Unspecified</pose>
		<truncated>0</truncated>
		<difficult>0</difficult>
		<bndbox>
			<xmin>49</xmin>
			<ymin>71</ymin>
			<xmax>1099</xmax>
			<ymax>483</ymax>
		</bndbox>
	</object>
	<object>
		<name>gonzui</name>
		<pose>Unspecified</pose>
		<truncated>0</truncated>
		<difficult>0</difficult>
		<bndbox>
			<xmin>99</xmin>
			<ymin>380</ymin>
			<xmax>1138</xmax>
			<ymax>738</ymax>
		</bndbox>
	</object>
</annotation>
