<annotation verified="yes">
	<folder>G_images</folder>
	<filename>000094.jpg</filename>
	<path>/Users/macbook/Desktop/G_images/000094.jpg</path>
	<source>
		<database>Unknown</database>
	</source>
	<size>
		<width>340</width>
		<height>260</height>
		<depth>3</depth>
	</size>
	<segmented>0</segmented>
	<object>
		<name>gonzui</name>
		<pose>Unspecified</pose>
		<truncated>0</truncated>
		<difficult>0</difficult>
		<bndbox>
			<xmin>64</xmin>
			<ymin>2</ymin>
			<xmax>260</xmax>
			<ymax>204</ymax>
		</bndbox>
	</object>
</annotation>
