<annotation verified="yes">
	<folder>G_images</folder>
	<filename>000013.jpg</filename>
	<path>/Users/macbook/Desktop/G_images/000013.jpg</path>
	<source>
		<database>Unknown</database>
	</source>
	<size>
		<width>600</width>
		<height>400</height>
		<depth>3</depth>
	</size>
	<segmented>0</segmented>
	<object>
		<name>gonzui</name>
		<pose>Unspecified</pose>
		<truncated>1</truncated>
		<difficult>0</difficult>
		<bndbox>
			<xmin>1</xmin>
			<ymin>127</ymin>
			<xmax>309</xmax>
			<ymax>277</ymax>
		</bndbox>
	</object>
	<object>
		<name>gonzui</name>
		<pose>Unspecified</pose>
		<truncated>1</truncated>
		<difficult>0</difficult>
		<bndbox>
			<xmin>124</xmin>
			<ymin>288</ymin>
			<xmax>423</xmax>
			<ymax>400</ymax>
		</bndbox>
	</object>
</annotation>
