<annotation verified="yes">
	<folder>G_images</folder>
	<filename>000017.jpg</filename>
	<path>/Users/macbook/Desktop/G_images/000017.jpg</path>
	<source>
		<database>Unknown</database>
	</source>
	<size>
		<width>640</width>
		<height>426</height>
		<depth>3</depth>
	</size>
	<segmented>0</segmented>
	<object>
		<name>gonzui</name>
		<pose>Unspecified</pose>
		<truncated>1</truncated>
		<difficult>0</difficult>
		<bndbox>
			<xmin>236</xmin>
			<ymin>1</ymin>
			<xmax>532</xmax>
			<ymax>64</ymax>
		</bndbox>
	</object>
	<object>
		<name>gonzui</name>
		<pose>Unspecified</pose>
		<truncated>0</truncated>
		<difficult>0</difficult>
		<bndbox>
			<xmin>317</xmin>
			<ymin>258</ymin>
			<xmax>510</xmax>
			<ymax>330</ymax>
		</bndbox>
	</object>
</annotation>
