<annotation verified="yes">
	<folder>G_images</folder>
	<filename>000008.jpg</filename>
	<path>/Users/macbook/Desktop/G_images/000008.jpg</path>
	<source>
		<database>Unknown</database>
	</source>
	<size>
		<width>1024</width>
		<height>683</height>
		<depth>3</depth>
	</size>
	<segmented>0</segmented>
	<object>
		<name>gonzui</name>
		<pose>Unspecified</pose>
		<truncated>0</truncated>
		<difficult>0</difficult>
		<bndbox>
			<xmin>441</xmin>
			<ymin>21</ymin>
			<xmax>775</xmax>
			<ymax>205</ymax>
		</bndbox>
	</object>
	<object>
		<name>gonzui</name>
		<pose>Unspecified</pose>
		<truncated>0</truncated>
		<difficult>0</difficult>
		<bndbox>
			<xmin>443</xmin>
			<ymin>398</ymin>
			<xmax>796</xmax>
			<ymax>539</ymax>
		</bndbox>
	</object>
	<object>
		<name>gonzui</name>
		<pose>Unspecified</pose>
		<truncated>0</truncated>
		<difficult>0</difficult>
		<bndbox>
			<xmin>115</xmin>
			<ymin>119</ymin>
			<xmax>293</xmax>
			<ymax>321</ymax>
		</bndbox>
	</object>
</annotation>
