<annotation verified="yes">
	<folder>G_images</folder>
	<filename>000033.jpg</filename>
	<path>/Users/macbook/Desktop/G_images/000033.jpg</path>
	<source>
		<database>Unknown</database>
	</source>
	<size>
		<width>3264</width>
		<height>2448</height>
		<depth>3</depth>
	</size>
	<segmented>0</segmented>
	<object>
		<name>gonzui</name>
		<pose>Unspecified</pose>
		<truncated>0</truncated>
		<difficult>0</difficult>
		<bndbox>
			<xmin>329</xmin>
			<ymin>412</ymin>
			<xmax>1233</xmax>
			<ymax>836</ymax>
		</bndbox>
	</object>
	<object>
		<name>gonzui</name>
		<pose>Unspecified</pose>
		<truncated>0</truncated>
		<difficult>0</difficult>
		<bndbox>
			<xmin>37</xmin>
			<ymin>1175</ymin>
			<xmax>1180</xmax>
			<ymax>1522</ymax>
		</bndbox>
	</object>
</annotation>
