<annotation verified="yes">
	<folder>G_images</folder>
	<filename>000002.jpg</filename>
	<path>/Users/macbook/Desktop/G_images/000002.jpg</path>
	<source>
		<database>Unknown</database>
	</source>
	<size>
		<width>630</width>
		<height>378</height>
		<depth>3</depth>
	</size>
	<segmented>0</segmented>
	<object>
		<name>gonzui</name>
		<pose>Unspecified</pose>
		<truncated>0</truncated>
		<difficult>0</difficult>
		<bndbox>
			<xmin>39</xmin>
			<ymin>101</ymin>
			<xmax>607</xmax>
			<ymax>275</ymax>
		</bndbox>
	</object>
</annotation>
