<annotation verified="yes">
	<folder>G_images</folder>
	<filename>000010.jpg</filename>
	<path>/Users/macbook/Desktop/G_images/000010.jpg</path>
	<source>
		<database>Unknown</database>
	</source>
	<size>
		<width>500</width>
		<height>370</height>
		<depth>3</depth>
	</size>
	<segmented>0</segmented>
	<object>
		<name>gonzui</name>
		<pose>Unspecified</pose>
		<truncated>0</truncated>
		<difficult>0</difficult>
		<bndbox>
			<xmin>63</xmin>
			<ymin>59</ymin>
			<xmax>406</xmax>
			<ymax>184</ymax>
		</bndbox>
	</object>
	<object>
		<name>gonzui</name>
		<pose>Unspecified</pose>
		<truncated>0</truncated>
		<difficult>0</difficult>
		<bndbox>
			<xmin>108</xmin>
			<ymin>189</ymin>
			<xmax>421</xmax>
			<ymax>313</ymax>
		</bndbox>
	</object>
</annotation>
