<annotation verified="yes">
	<folder>G_images</folder>
	<filename>000018.jpg</filename>
	<path>/Users/macbook/Desktop/G_images/000018.jpg</path>
	<source>
		<database>Unknown</database>
	</source>
	<size>
		<width>640</width>
		<height>480</height>
		<depth>3</depth>
	</size>
	<segmented>0</segmented>
	<object>
		<name>gonzui</name>
		<pose>Unspecified</pose>
		<truncated>0</truncated>
		<difficult>0</difficult>
		<bndbox>
			<xmin>8</xmin>
			<ymin>293</ymin>
			<xmax>244</xmax>
			<ymax>374</ymax>
		</bndbox>
	</object>
	<object>
		<name>gonzui</name>
		<pose>Unspecified</pose>
		<truncated>0</truncated>
		<difficult>0</difficult>
		<bndbox>
			<xmin>8</xmin>
			<ymin>34</ymin>
			<xmax>280</xmax>
			<ymax>93</ymax>
		</bndbox>
	</object>
	<object>
		<name>gonzui</name>
		<pose>Unspecified</pose>
		<truncated>0</truncated>
		<difficult>0</difficult>
		<bndbox>
			<xmin>29</xmin>
			<ymin>155</ymin>
			<xmax>329</xmax>
			<ymax>231</ymax>
		</bndbox>
	</object>
</annotation>
