<annotation verified="yes">
	<folder>G_images</folder>
	<filename>000063.jpg</filename>
	<path>/Users/macbook/Desktop/G_images/000063.jpg</path>
	<source>
		<database>Unknown</database>
	</source>
	<size>
		<width>500</width>
		<height>333</height>
		<depth>3</depth>
	</size>
	<segmented>0</segmented>
	<object>
		<name>gonzui</name>
		<pose>Unspecified</pose>
		<truncated>0</truncated>
		<difficult>0</difficult>
		<bndbox>
			<xmin>20</xmin>
			<ymin>7</ymin>
			<xmax>491</xmax>
			<ymax>325</ymax>
		</bndbox>
	</object>
</annotation>
