<annotation>
	<folder>G_images</folder>
	<filename>000006.png</filename>
	<path>/Users/macbook/Desktop/G_images/000006.png</path>
	<source>
		<database>Unknown</database>
	</source>
	<size>
		<width>400</width>
		<height>250</height>
		<depth>3</depth>
	</size>
	<segmented>0</segmented>
	<object>
		<name>gonzui</name>
		<pose>Unspecified</pose>
		<truncated>0</truncated>
		<difficult>0</difficult>
		<bndbox>
			<xmin>12</xmin>
			<ymin>115</ymin>
			<xmax>213</xmax>
			<ymax>174</ymax>
		</bndbox>
	</object>
</annotation>
