<annotation verified="yes">
	<folder>G_images</folder>
	<filename>000059.jpg</filename>
	<path>/Users/macbook/Desktop/G_images/000059.jpg</path>
	<source>
		<database>Unknown</database>
	</source>
	<size>
		<width>750</width>
		<height>499</height>
		<depth>3</depth>
	</size>
	<segmented>0</segmented>
	<object>
		<name>gonzui</name>
		<pose>Unspecified</pose>
		<truncated>1</truncated>
		<difficult>0</difficult>
		<bndbox>
			<xmin>30</xmin>
			<ymin>62</ymin>
			<xmax>750</xmax>
			<ymax>401</ymax>
		</bndbox>
	</object>
</annotation>
