<annotation verified="yes">
	<folder>G_images</folder>
	<filename>000004.jpg</filename>
	<path>/Users/macbook/Desktop/G_images/000004.jpg</path>
	<source>
		<database>Unknown</database>
	</source>
	<size>
		<width>832</width>
		<height>294</height>
		<depth>3</depth>
	</size>
	<segmented>0</segmented>
	<object>
		<name>gonzui</name>
		<pose>Unspecified</pose>
		<truncated>0</truncated>
		<difficult>0</difficult>
		<bndbox>
			<xmin>50</xmin>
			<ymin>60</ymin>
			<xmax>807</xmax>
			<ymax>259</ymax>
		</bndbox>
	</object>
</annotation>
