<annotation verified="yes">
	<folder>G_images</folder>
	<filename>000043.jpg</filename>
	<path>/Users/macbook/Desktop/G_images/000043.jpg</path>
	<source>
		<database>Unknown</database>
	</source>
	<size>
		<width>1200</width>
		<height>800</height>
		<depth>3</depth>
	</size>
	<segmented>0</segmented>
	<object>
		<name>gonzui</name>
		<pose>Unspecified</pose>
		<truncated>0</truncated>
		<difficult>0</difficult>
		<bndbox>
			<xmin>40</xmin>
			<ymin>181</ymin>
			<xmax>1185</xmax>
			<ymax>585</ymax>
		</bndbox>
	</object>
</annotation>
