<annotation verified="yes">
	<folder>G_images</folder>
	<filename>000093.png</filename>
	<path>/Users/macbook/Desktop/G_images/000093.png</path>
	<source>
		<database>Unknown</database>
	</source>
	<size>
		<width>620</width>
		<height>420</height>
		<depth>3</depth>
	</size>
	<segmented>0</segmented>
	<object>
		<name>gonzui</name>
		<pose>Unspecified</pose>
		<truncated>0</truncated>
		<difficult>0</difficult>
		<bndbox>
			<xmin>308</xmin>
			<ymin>156</ymin>
			<xmax>579</xmax>
			<ymax>382</ymax>
		</bndbox>
	</object>
</annotation>
