<annotation verified="yes">
	<folder>G_images</folder>
	<filename>000042.jpg</filename>
	<path>/Users/macbook/Desktop/G_images/000042.jpg</path>
	<source>
		<database>Unknown</database>
	</source>
	<size>
		<width>225</width>
		<height>150</height>
		<depth>3</depth>
	</size>
	<segmented>0</segmented>
	<object>
		<name>gonzui</name>
		<pose>Unspecified</pose>
		<truncated>1</truncated>
		<difficult>0</difficult>
		<bndbox>
			<xmin>34</xmin>
			<ymin>25</ymin>
			<xmax>225</xmax>
			<ymax>99</ymax>
		</bndbox>
	</object>
</annotation>
