<annotation verified="yes">
	<folder>G_images2</folder>
	<filename>000005.jpg</filename>
	<path>/Users/macbook/Desktop/G_images2/000005.jpg</path>
	<source>
		<database>Unknown</database>
	</source>
	<size>
		<width>1024</width>
		<height>768</height>
		<depth>3</depth>
	</size>
	<segmented>0</segmented>
	<object>
		<name>gonzui</name>
		<pose>Unspecified</pose>
		<truncated>1</truncated>
		<difficult>0</difficult>
		<bndbox>
			<xmin>169</xmin>
			<ymin>1</ymin>
			<xmax>572</xmax>
			<ymax>375</ymax>
		</bndbox>
	</object>
</annotation>
