<annotation verified="yes">
	<folder>G_images</folder>
	<filename>000159.jpg</filename>
	<path>/Users/macbook/Desktop/G_images/000159.jpg</path>
	<source>
		<database>Unknown</database>
	</source>
	<size>
		<width>1024</width>
		<height>768</height>
		<depth>3</depth>
	</size>
	<segmented>0</segmented>
	<object>
		<name>gonzui</name>
		<pose>Unspecified</pose>
		<truncated>0</truncated>
		<difficult>0</difficult>
		<bndbox>
			<xmin>549</xmin>
			<ymin>99</ymin>
			<xmax>911</xmax>
			<ymax>232</ymax>
		</bndbox>
	</object>
</annotation>
