<annotation verified="yes">
	<folder>G_images</folder>
	<filename>000143.jpg</filename>
	<path>/Users/macbook/Desktop/G_images/000143.jpg</path>
	<source>
		<database>Unknown</database>
	</source>
	<size>
		<width>244</width>
		<height>185</height>
		<depth>3</depth>
	</size>
	<segmented>0</segmented>
	<object>
		<name>gonzui</name>
		<pose>Unspecified</pose>
		<truncated>1</truncated>
		<difficult>0</difficult>
		<bndbox>
			<xmin>52</xmin>
			<ymin>15</ymin>
			<xmax>244</xmax>
			<ymax>175</ymax>
		</bndbox>
	</object>
</annotation>
