<annotation verified="yes">
	<folder>G_images</folder>
	<filename>000153.jpg</filename>
	<path>/Users/macbook/Desktop/G_images/000153.jpg</path>
	<source>
		<database>Unknown</database>
	</source>
	<size>
		<width>320</width>
		<height>240</height>
		<depth>3</depth>
	</size>
	<segmented>0</segmented>
	<object>
		<name>gonzui</name>
		<pose>Unspecified</pose>
		<truncated>1</truncated>
		<difficult>0</difficult>
		<bndbox>
			<xmin>82</xmin>
			<ymin>1</ymin>
			<xmax>178</xmax>
			<ymax>156</ymax>
		</bndbox>
	</object>
</annotation>
