<annotation verified="yes">
	<folder>G_images</folder>
	<filename>000131.jpg</filename>
	<path>/Users/macbook/Desktop/G_images/000131.jpg</path>
	<source>
		<database>Unknown</database>
	</source>
	<size>
		<width>400</width>
		<height>270</height>
		<depth>3</depth>
	</size>
	<segmented>0</segmented>
	<object>
		<name>gonzui</name>
		<pose>Unspecified</pose>
		<truncated>0</truncated>
		<difficult>0</difficult>
		<bndbox>
			<xmin>73</xmin>
			<ymin>60</ymin>
			<xmax>383</xmax>
			<ymax>204</ymax>
		</bndbox>
	</object>
</annotation>
