<annotation verified="yes">
	<folder>G_images</folder>
	<filename>000179.jpg</filename>
	<path>/Users/macbook/Desktop/G_images/000179.jpg</path>
	<source>
		<database>Unknown</database>
	</source>
	<size>
		<width>1800</width>
		<height>1350</height>
		<depth>3</depth>
	</size>
	<segmented>0</segmented>
	<object>
		<name>gonzui</name>
		<pose>Unspecified</pose>
		<truncated>0</truncated>
		<difficult>0</difficult>
		<bndbox>
			<xmin>1022</xmin>
			<ymin>519</ymin>
			<xmax>1301</xmax>
			<ymax>783</ymax>
		</bndbox>
	</object>
	<object>
		<name>gonzui</name>
		<pose>Unspecified</pose>
		<truncated>0</truncated>
		<difficult>0</difficult>
		<bndbox>
			<xmin>786</xmin>
			<ymin>607</ymin>
			<xmax>1006</xmax>
			<ymax>868</ymax>
		</bndbox>
	</object>
</annotation>
