<annotation verified="yes">
	<folder>G_images</folder>
	<filename>000101.jpg</filename>
	<path>/Users/macbook/Desktop/G_images/000101.jpg</path>
	<source>
		<database>Unknown</database>
	</source>
	<size>
		<width>320</width>
		<height>240</height>
		<depth>3</depth>
	</size>
	<segmented>0</segmented>
	<object>
		<name>gonzui</name>
		<pose>Unspecified</pose>
		<truncated>0</truncated>
		<difficult>0</difficult>
		<bndbox>
			<xmin>91</xmin>
			<ymin>143</ymin>
			<xmax>119</xmax>
			<ymax>224</ymax>
		</bndbox>
	</object>
</annotation>
