<annotation verified="yes">
	<folder>G_images</folder>
	<filename>000147.jpg</filename>
	<path>/Users/macbook/Desktop/G_images/000147.jpg</path>
	<source>
		<database>Unknown</database>
	</source>
	<size>
		<width>1280</width>
		<height>720</height>
		<depth>3</depth>
	</size>
	<segmented>0</segmented>
	<object>
		<name>gonzui</name>
		<pose>Unspecified</pose>
		<truncated>0</truncated>
		<difficult>0</difficult>
		<bndbox>
			<xmin>584</xmin>
			<ymin>355</ymin>
			<xmax>914</xmax>
			<ymax>473</ymax>
		</bndbox>
	</object>
	<object>
		<name>gonzui</name>
		<pose>Unspecified</pose>
		<truncated>1</truncated>
		<difficult>0</difficult>
		<bndbox>
			<xmin>578</xmin>
			<ymin>498</ymin>
			<xmax>928</xmax>
			<ymax>720</ymax>
		</bndbox>
	</object>
</annotation>
