<annotation verified="yes">
	<folder>G_images</folder>
	<filename>000187.jpg</filename>
	<path>/Users/macbook/Desktop/G_images/000187.jpg</path>
	<source>
		<database>Unknown</database>
	</source>
	<size>
		<width>640</width>
		<height>480</height>
		<depth>3</depth>
	</size>
	<segmented>0</segmented>
	<object>
		<name>gonzui</name>
		<pose>Unspecified</pose>
		<truncated>0</truncated>
		<difficult>0</difficult>
		<bndbox>
			<xmin>509</xmin>
			<ymin>158</ymin>
			<xmax>593</xmax>
			<ymax>371</ymax>
		</bndbox>
	</object>
	<object>
		<name>gonzui</name>
		<pose>Unspecified</pose>
		<truncated>0</truncated>
		<difficult>0</difficult>
		<bndbox>
			<xmin>193</xmin>
			<ymin>78</ymin>
			<xmax>470</xmax>
			<ymax>194</ymax>
		</bndbox>
	</object>
	<object>
		<name>gonzui</name>
		<pose>Unspecified</pose>
		<truncated>0</truncated>
		<difficult>0</difficult>
		<bndbox>
			<xmin>441</xmin>
			<ymin>102</ymin>
			<xmax>526</xmax>
			<ymax>328</ymax>
		</bndbox>
	</object>
</annotation>
