<annotation verified="yes">
	<folder>G_images</folder>
	<filename>000141.JPG</filename>
	<path>/Users/macbook/Desktop/G_images/000141.JPG</path>
	<source>
		<database>Unknown</database>
	</source>
	<size>
		<width>320</width>
		<height>240</height>
		<depth>3</depth>
	</size>
	<segmented>0</segmented>
	<object>
		<name>gonzui</name>
		<pose>Unspecified</pose>
		<truncated>0</truncated>
		<difficult>0</difficult>
		<bndbox>
			<xmin>52</xmin>
			<ymin>104</ymin>
			<xmax>312</xmax>
			<ymax>160</ymax>
		</bndbox>
	</object>
	<object>
		<name>gonzui</name>
		<pose>Unspecified</pose>
		<truncated>1</truncated>
		<difficult>0</difficult>
		<bndbox>
			<xmin>196</xmin>
			<ymin>43</ymin>
			<xmax>320</xmax>
			<ymax>113</ymax>
		</bndbox>
	</object>
</annotation>
