<annotation verified="yes">
	<folder>G_images</folder>
	<filename>000162.jpg</filename>
	<path>/Users/macbook/Desktop/G_images/000162.jpg</path>
	<source>
		<database>Unknown</database>
	</source>
	<size>
		<width>1280</width>
		<height>720</height>
		<depth>3</depth>
	</size>
	<segmented>0</segmented>
	<object>
		<name>gonzui</name>
		<pose>Unspecified</pose>
		<truncated>0</truncated>
		<difficult>0</difficult>
		<bndbox>
			<xmin>227</xmin>
			<ymin>28</ymin>
			<xmax>550</xmax>
			<ymax>107</ymax>
		</bndbox>
	</object>
	<object>
		<name>gonzui</name>
		<pose>Unspecified</pose>
		<truncated>0</truncated>
		<difficult>0</difficult>
		<bndbox>
			<xmin>335</xmin>
			<ymin>446</ymin>
			<xmax>635</xmax>
			<ymax>508</ymax>
		</bndbox>
	</object>
</annotation>
