<annotation verified="yes">
	<folder>G_images</folder>
	<filename>000109.jpg</filename>
	<path>/Users/macbook/Desktop/G_images/000109.jpg</path>
	<source>
		<database>Unknown</database>
	</source>
	<size>
		<width>1280</width>
		<height>720</height>
		<depth>3</depth>
	</size>
	<segmented>0</segmented>
	<object>
		<name>gonzui</name>
		<pose>Unspecified</pose>
		<truncated>0</truncated>
		<difficult>0</difficult>
		<bndbox>
			<xmin>297</xmin>
			<ymin>22</ymin>
			<xmax>822</xmax>
			<ymax>355</ymax>
		</bndbox>
	</object>
	<object>
		<name>gonzui</name>
		<pose>Unspecified</pose>
		<truncated>0</truncated>
		<difficult>0</difficult>
		<bndbox>
			<xmin>279</xmin>
			<ymin>225</ymin>
			<xmax>1184</xmax>
			<ymax>655</ymax>
		</bndbox>
	</object>
</annotation>
