<annotation verified="yes">
	<folder>G_images</folder>
	<filename>000197.JPG</filename>
	<path>/Users/macbook/Desktop/G_images/000197.JPG</path>
	<source>
		<database>Unknown</database>
	</source>
	<size>
		<width>250</width>
		<height>188</height>
		<depth>3</depth>
	</size>
	<segmented>0</segmented>
	<object>
		<name>gonzui</name>
		<pose>Unspecified</pose>
		<truncated>1</truncated>
		<difficult>0</difficult>
		<bndbox>
			<xmin>34</xmin>
			<ymin>31</ymin>
			<xmax>250</xmax>
			<ymax>144</ymax>
		</bndbox>
	</object>
</annotation>
