<annotation verified="yes">
	<folder>G_images</folder>
	<filename>000199.jpg</filename>
	<path>/Users/macbook/Desktop/G_images/000199.jpg</path>
	<source>
		<database>Unknown</database>
	</source>
	<size>
		<width>500</width>
		<height>375</height>
		<depth>3</depth>
	</size>
	<segmented>0</segmented>
	<object>
		<name>gonzui</name>
		<pose>Unspecified</pose>
		<truncated>0</truncated>
		<difficult>0</difficult>
		<bndbox>
			<xmin>138</xmin>
			<ymin>130</ymin>
			<xmax>413</xmax>
			<ymax>372</ymax>
		</bndbox>
	</object>
</annotation>
