<annotation verified="yes">
	<folder>G_images</folder>
	<filename>000135.jpg</filename>
	<path>/Users/macbook/Desktop/G_images/000135.jpg</path>
	<source>
		<database>Unknown</database>
	</source>
	<size>
		<width>350</width>
		<height>175</height>
		<depth>3</depth>
	</size>
	<segmented>0</segmented>
	<object>
		<name>gonzui</name>
		<pose>Unspecified</pose>
		<truncated>1</truncated>
		<difficult>0</difficult>
		<bndbox>
			<xmin>6</xmin>
			<ymin>38</ymin>
			<xmax>350</xmax>
			<ymax>137</ymax>
		</bndbox>
	</object>
</annotation>
