<annotation verified="yes">
	<folder>G_images</folder>
	<filename>000123.jpg</filename>
	<path>/Users/macbook/Desktop/G_images/000123.jpg</path>
	<source>
		<database>Unknown</database>
	</source>
	<size>
		<width>1280</width>
		<height>720</height>
		<depth>3</depth>
	</size>
	<segmented>0</segmented>
	<object>
		<name>gonzui</name>
		<pose>Unspecified</pose>
		<truncated>0</truncated>
		<difficult>0</difficult>
		<bndbox>
			<xmin>441</xmin>
			<ymin>23</ymin>
			<xmax>1263</xmax>
			<ymax>693</ymax>
		</bndbox>
	</object>
</annotation>
