<annotation verified="yes">
	<folder>G_images</folder>
	<filename>000156.jpg</filename>
	<path>/Users/macbook/Desktop/G_images/000156.jpg</path>
	<source>
		<database>Unknown</database>
	</source>
	<size>
		<width>900</width>
		<height>600</height>
		<depth>3</depth>
	</size>
	<segmented>0</segmented>
	<object>
		<name>gonzui</name>
		<pose>Unspecified</pose>
		<truncated>0</truncated>
		<difficult>0</difficult>
		<bndbox>
			<xmin>462</xmin>
			<ymin>259</ymin>
			<xmax>842</xmax>
			<ymax>394</ymax>
		</bndbox>
	</object>
	<object>
		<name>gonzui</name>
		<pose>Unspecified</pose>
		<truncated>0</truncated>
		<difficult>0</difficult>
		<bndbox>
			<xmin>109</xmin>
			<ymin>173</ymin>
			<xmax>388</xmax>
			<ymax>266</ymax>
		</bndbox>
	</object>
</annotation>
