<annotation verified="yes">
	<folder>G_images</folder>
	<filename>000103.jpg</filename>
	<path>/Users/macbook/Desktop/G_images/000103.jpg</path>
	<source>
		<database>Unknown</database>
	</source>
	<size>
		<width>400</width>
		<height>327</height>
		<depth>3</depth>
	</size>
	<segmented>0</segmented>
	<object>
		<name>gonzui</name>
		<pose>Unspecified</pose>
		<truncated>0</truncated>
		<difficult>0</difficult>
		<bndbox>
			<xmin>49</xmin>
			<ymin>49</ymin>
			<xmax>364</xmax>
			<ymax>311</ymax>
		</bndbox>
	</object>
</annotation>
