<annotation verified="yes">
	<folder>G_images</folder>
	<filename>000183.jpg</filename>
	<path>/Users/macbook/Desktop/G_images/000183.jpg</path>
	<source>
		<database>Unknown</database>
	</source>
	<size>
		<width>240</width>
		<height>180</height>
		<depth>3</depth>
	</size>
	<segmented>0</segmented>
	<object>
		<name>gonzui</name>
		<pose>Unspecified</pose>
		<truncated>1</truncated>
		<difficult>0</difficult>
		<bndbox>
			<xmin>1</xmin>
			<ymin>17</ymin>
			<xmax>240</xmax>
			<ymax>174</ymax>
		</bndbox>
	</object>
</annotation>
