<annotation verified="yes">
	<folder>G_images</folder>
	<filename>000173.png</filename>
	<path>/Users/macbook/Desktop/G_images/000173.png</path>
	<source>
		<database>Unknown</database>
	</source>
	<size>
		<width>256</width>
		<height>256</height>
		<depth>3</depth>
	</size>
	<segmented>0</segmented>
	<object>
		<name>gonzui</name>
		<pose>Unspecified</pose>
		<truncated>0</truncated>
		<difficult>0</difficult>
		<bndbox>
			<xmin>35</xmin>
			<ymin>86</ymin>
			<xmax>239</xmax>
			<ymax>178</ymax>
		</bndbox>
	</object>
</annotation>
