<annotation verified="yes">
	<folder>G_images</folder>
	<filename>000105.jpg</filename>
	<path>/Users/macbook/Desktop/G_images/000105.jpg</path>
	<source>
		<database>Unknown</database>
	</source>
	<size>
		<width>2353</width>
		<height>2105</height>
		<depth>3</depth>
	</size>
	<segmented>0</segmented>
	<object>
		<name>gonzui</name>
		<pose>Unspecified</pose>
		<truncated>0</truncated>
		<difficult>0</difficult>
		<bndbox>
			<xmin>1354</xmin>
			<ymin>550</ymin>
			<xmax>1685</xmax>
			<ymax>1640</ymax>
		</bndbox>
	</object>
</annotation>
