<annotation verified="yes">
	<folder>G_images</folder>
	<filename>000193.gif</filename>
	<path>/Users/macbook/Desktop/G_images/000193.gif</path>
	<source>
		<database>Unknown</database>
	</source>
	<size>
		<width>300</width>
		<height>189</height>
		<depth>3</depth>
	</size>
	<segmented>0</segmented>
	<object>
		<name>gonzui</name>
		<pose>Unspecified</pose>
		<truncated>1</truncated>
		<difficult>0</difficult>
		<bndbox>
			<xmin>23</xmin>
			<ymin>64</ymin>
			<xmax>300</xmax>
			<ymax>168</ymax>
		</bndbox>
	</object>
</annotation>
