<annotation verified="yes">
	<folder>G_images</folder>
	<filename>000115.jpg</filename>
	<path>/Users/macbook/Desktop/G_images/000115.jpg</path>
	<source>
		<database>Unknown</database>
	</source>
	<size>
		<width>900</width>
		<height>900</height>
		<depth>3</depth>
	</size>
	<segmented>0</segmented>
	<object>
		<name>gonzui</name>
		<pose>Unspecified</pose>
		<truncated>1</truncated>
		<difficult>0</difficult>
		<bndbox>
			<xmin>1</xmin>
			<ymin>211</ymin>
			<xmax>814</xmax>
			<ymax>700</ymax>
		</bndbox>
	</object>
</annotation>
