<annotation verified="yes">
	<folder>G_images</folder>
	<filename>000133.jpg</filename>
	<path>/Users/macbook/Desktop/G_images/000133.jpg</path>
	<source>
		<database>Unknown</database>
	</source>
	<size>
		<width>718</width>
		<height>539</height>
		<depth>3</depth>
	</size>
	<segmented>0</segmented>
	<object>
		<name>gonzui</name>
		<pose>Unspecified</pose>
		<truncated>0</truncated>
		<difficult>0</difficult>
		<bndbox>
			<xmin>171</xmin>
			<ymin>215</ymin>
			<xmax>542</xmax>
			<ymax>506</ymax>
		</bndbox>
	</object>
</annotation>
