<annotation verified="yes">
	<folder>G_images</folder>
	<filename>000176.jpg</filename>
	<path>/Users/macbook/Desktop/G_images/000176.jpg</path>
	<source>
		<database>Unknown</database>
	</source>
	<size>
		<width>876</width>
		<height>768</height>
		<depth>3</depth>
	</size>
	<segmented>0</segmented>
	<object>
		<name>gonzui</name>
		<pose>Unspecified</pose>
		<truncated>0</truncated>
		<difficult>0</difficult>
		<bndbox>
			<xmin>130</xmin>
			<ymin>222</ymin>
			<xmax>514</xmax>
			<ymax>462</ymax>
		</bndbox>
	</object>
	<object>
		<name>gonzui</name>
		<pose>Unspecified</pose>
		<truncated>0</truncated>
		<difficult>0</difficult>
		<bndbox>
			<xmin>532</xmin>
			<ymin>251</ymin>
			<xmax>852</xmax>
			<ymax>585</ymax>
		</bndbox>
	</object>
	<object>
		<name>gonzui</name>
		<pose>Unspecified</pose>
		<truncated>0</truncated>
		<difficult>0</difficult>
		<bndbox>
			<xmin>92</xmin>
			<ymin>37</ymin>
			<xmax>683</xmax>
			<ymax>292</ymax>
		</bndbox>
	</object>
</annotation>
