<annotation verified="yes">
	<folder>G_images</folder>
	<filename>000149.jpg</filename>
	<path>/Users/macbook/Desktop/G_images/000149.jpg</path>
	<source>
		<database>Unknown</database>
	</source>
	<size>
		<width>1782</width>
		<height>1338</height>
		<depth>3</depth>
	</size>
	<segmented>0</segmented>
	<object>
		<name>gonzui</name>
		<pose>Unspecified</pose>
		<truncated>1</truncated>
		<difficult>0</difficult>
		<bndbox>
			<xmin>185</xmin>
			<ymin>227</ymin>
			<xmax>1782</xmax>
			<ymax>949</ymax>
		</bndbox>
	</object>
</annotation>
