<annotation verified="yes">
	<folder>G_images</folder>
	<filename>000112.jpg</filename>
	<path>/Users/macbook/Desktop/G_images/000112.jpg</path>
	<source>
		<database>Unknown</database>
	</source>
	<size>
		<width>500</width>
		<height>335</height>
		<depth>3</depth>
	</size>
	<segmented>0</segmented>
	<object>
		<name>gonzui</name>
		<pose>Unspecified</pose>
		<truncated>1</truncated>
		<difficult>0</difficult>
		<bndbox>
			<xmin>64</xmin>
			<ymin>64</ymin>
			<xmax>500</xmax>
			<ymax>250</ymax>
		</bndbox>
	</object>
</annotation>
