<annotation verified="yes">
	<folder>G_images</folder>
	<filename>000171.jpg</filename>
	<path>/Users/macbook/Desktop/G_images/000171.jpg</path>
	<source>
		<database>Unknown</database>
	</source>
	<size>
		<width>592</width>
		<height>444</height>
		<depth>3</depth>
	</size>
	<segmented>0</segmented>
	<object>
		<name>gonzui</name>
		<pose>Unspecified</pose>
		<truncated>0</truncated>
		<difficult>0</difficult>
		<bndbox>
			<xmin>48</xmin>
			<ymin>140</ymin>
			<xmax>234</xmax>
			<ymax>429</ymax>
		</bndbox>
	</object>
</annotation>
