<annotation verified="yes">
	<folder>G_images</folder>
	<filename>000127.jpg</filename>
	<path>/Users/macbook/Desktop/G_images/000127.jpg</path>
	<source>
		<database>Unknown</database>
	</source>
	<size>
		<width>1200</width>
		<height>800</height>
		<depth>3</depth>
	</size>
	<segmented>0</segmented>
	<object>
		<name>gonzui</name>
		<pose>Unspecified</pose>
		<truncated>1</truncated>
		<difficult>0</difficult>
		<bndbox>
			<xmin>65</xmin>
			<ymin>106</ymin>
			<xmax>1200</xmax>
			<ymax>644</ymax>
		</bndbox>
	</object>
</annotation>
