<annotation verified="yes">
	<folder>G_images</folder>
	<filename>000155.jpg</filename>
	<path>/Users/macbook/Desktop/G_images/000155.jpg</path>
	<source>
		<database>Unknown</database>
	</source>
	<size>
		<width>370</width>
		<height>231</height>
		<depth>3</depth>
	</size>
	<segmented>0</segmented>
	<object>
		<name>gonzui</name>
		<pose>Unspecified</pose>
		<truncated>0</truncated>
		<difficult>0</difficult>
		<bndbox>
			<xmin>21</xmin>
			<ymin>51</ymin>
			<xmax>318</xmax>
			<ymax>150</ymax>
		</bndbox>
	</object>
</annotation>
