<annotation verified="yes">
	<folder>G_images</folder>
	<filename>000208.jpg</filename>
	<path>/Users/macbook/Desktop/G_images/000208.jpg</path>
	<source>
		<database>Unknown</database>
	</source>
	<size>
		<width>450</width>
		<height>338</height>
		<depth>3</depth>
	</size>
	<segmented>0</segmented>
	<object>
		<name>gonzui</name>
		<pose>Unspecified</pose>
		<truncated>0</truncated>
		<difficult>0</difficult>
		<bndbox>
			<xmin>31</xmin>
			<ymin>74</ymin>
			<xmax>268</xmax>
			<ymax>262</ymax>
		</bndbox>
	</object>
</annotation>
