<annotation verified="yes">
	<folder>G_images</folder>
	<filename>000248.jpg</filename>
	<path>/Users/macbook/Desktop/G_images/000248.jpg</path>
	<source>
		<database>Unknown</database>
	</source>
	<size>
		<width>352</width>
		<height>288</height>
		<depth>3</depth>
	</size>
	<segmented>0</segmented>
	<object>
		<name>gonzui</name>
		<pose>Unspecified</pose>
		<truncated>1</truncated>
		<difficult>0</difficult>
		<bndbox>
			<xmin>26</xmin>
			<ymin>30</ymin>
			<xmax>352</xmax>
			<ymax>253</ymax>
		</bndbox>
	</object>
</annotation>
