<annotation verified="yes">
	<folder>G_images</folder>
	<filename>000232.jpg</filename>
	<path>/Users/macbook/Desktop/G_images/000232.jpg</path>
	<source>
		<database>Unknown</database>
	</source>
	<size>
		<width>1776</width>
		<height>1332</height>
		<depth>3</depth>
	</size>
	<segmented>0</segmented>
	<object>
		<name>gonzui</name>
		<pose>Unspecified</pose>
		<truncated>1</truncated>
		<difficult>0</difficult>
		<bndbox>
			<xmin>9</xmin>
			<ymin>450</ymin>
			<xmax>1776</xmax>
			<ymax>917</ymax>
		</bndbox>
	</object>
</annotation>
