<annotation verified="yes">
	<folder>G_images</folder>
	<filename>000250.jpg</filename>
	<path>/Users/macbook/Desktop/G_images/000250.jpg</path>
	<source>
		<database>Unknown</database>
	</source>
	<size>
		<width>532</width>
		<height>404</height>
		<depth>3</depth>
	</size>
	<segmented>0</segmented>
	<object>
		<name>gonzui</name>
		<pose>Unspecified</pose>
		<truncated>0</truncated>
		<difficult>0</difficult>
		<bndbox>
			<xmin>36</xmin>
			<ymin>65</ymin>
			<xmax>275</xmax>
			<ymax>255</ymax>
		</bndbox>
	</object>
	<object>
		<name>gonzui</name>
		<pose>Unspecified</pose>
		<truncated>0</truncated>
		<difficult>0</difficult>
		<bndbox>
			<xmin>318</xmin>
			<ymin>111</ymin>
			<xmax>515</xmax>
			<ymax>260</ymax>
		</bndbox>
	</object>
</annotation>
