<annotation verified="yes">
	<folder>G_images</folder>
	<filename>000274.jpg</filename>
	<path>/Users/macbook/Desktop/G_images/000274.jpg</path>
	<source>
		<database>Unknown</database>
	</source>
	<size>
		<width>1000</width>
		<height>751</height>
		<depth>3</depth>
	</size>
	<segmented>0</segmented>
	<object>
		<name>gonzui</name>
		<pose>Unspecified</pose>
		<truncated>0</truncated>
		<difficult>0</difficult>
		<bndbox>
			<xmin>59</xmin>
			<ymin>189</ymin>
			<xmax>894</xmax>
			<ymax>589</ymax>
		</bndbox>
	</object>
</annotation>
