<annotation verified="yes">
	<folder>G_images</folder>
	<filename>000219.jpg</filename>
	<path>/Users/macbook/Desktop/G_images/000219.jpg</path>
	<source>
		<database>Unknown</database>
	</source>
	<size>
		<width>4650</width>
		<height>3054</height>
		<depth>3</depth>
	</size>
	<segmented>0</segmented>
	<object>
		<name>gonzui</name>
		<pose>Unspecified</pose>
		<truncated>0</truncated>
		<difficult>0</difficult>
		<bndbox>
			<xmin>1381</xmin>
			<ymin>1023</ymin>
			<xmax>3708</xmax>
			<ymax>1950</ymax>
		</bndbox>
	</object>
</annotation>
