<annotation>
	<folder>G_images</folder>
	<filename>000289.jpg</filename>
	<path>/Users/macbook/Desktop/G_images/000289.jpg</path>
	<source>
		<database>Unknown</database>
	</source>
	<size>
		<width>1280</width>
		<height>720</height>
		<depth>3</depth>
	</size>
	<segmented>0</segmented>
	<object>
		<name>gonzui</name>
		<pose>Unspecified</pose>
		<truncated>1</truncated>
		<difficult>0</difficult>
		<bndbox>
			<xmin>187</xmin>
			<ymin>34</ymin>
			<xmax>1280</xmax>
			<ymax>655</ymax>
		</bndbox>
	</object>
</annotation>
