<annotation verified="yes">
	<folder>G_images</folder>
	<filename>000205.jpg</filename>
	<path>/Users/macbook/Desktop/G_images/000205.jpg</path>
	<source>
		<database>Unknown</database>
	</source>
	<size>
		<width>800</width>
		<height>450</height>
		<depth>3</depth>
	</size>
	<segmented>0</segmented>
	<object>
		<name>gonzui</name>
		<pose>Unspecified</pose>
		<truncated>0</truncated>
		<difficult>0</difficult>
		<bndbox>
			<xmin>21</xmin>
			<ymin>82</ymin>
			<xmax>796</xmax>
			<ymax>353</ymax>
		</bndbox>
	</object>
</annotation>
