<annotation verified="yes">
	<folder>G_images</folder>
	<filename>000201.jpg</filename>
	<path>/Users/macbook/Desktop/G_images/000201.jpg</path>
	<source>
		<database>Unknown</database>
	</source>
	<size>
		<width>600</width>
		<height>150</height>
		<depth>3</depth>
	</size>
	<segmented>0</segmented>
	<object>
		<name>gonzui</name>
		<pose>Unspecified</pose>
		<truncated>0</truncated>
		<difficult>0</difficult>
		<bndbox>
			<xmin>53</xmin>
			<ymin>26</ymin>
			<xmax>568</xmax>
			<ymax>128</ymax>
		</bndbox>
	</object>
</annotation>
