<annotation verified="yes">
	<folder>G_images</folder>
	<filename>000221.jpg</filename>
	<path>/Users/macbook/Desktop/G_images/000221.jpg</path>
	<source>
		<database>Unknown</database>
	</source>
	<size>
		<width>400</width>
		<height>719</height>
		<depth>3</depth>
	</size>
	<segmented>0</segmented>
	<object>
		<name>gonzui</name>
		<pose>Unspecified</pose>
		<truncated>1</truncated>
		<difficult>0</difficult>
		<bndbox>
			<xmin>120</xmin>
			<ymin>1</ymin>
			<xmax>317</xmax>
			<ymax>670</ymax>
		</bndbox>
	</object>
</annotation>
