<annotation>
	<folder>G_images</folder>
	<filename>000282.jpg</filename>
	<path>/Users/macbook/Desktop/G_images/000282.jpg</path>
	<source>
		<database>Unknown</database>
	</source>
	<size>
		<width>640</width>
		<height>360</height>
		<depth>3</depth>
	</size>
	<segmented>0</segmented>
	<object>
		<name>gonzui</name>
		<pose>Unspecified</pose>
		<truncated>1</truncated>
		<difficult>0</difficult>
		<bndbox>
			<xmin>1</xmin>
			<ymin>95</ymin>
			<xmax>501</xmax>
			<ymax>250</ymax>
		</bndbox>
	</object>
</annotation>
