<annotation verified="yes">
	<folder>G_images</folder>
	<filename>000214.jpg</filename>
	<path>/Users/macbook/Desktop/G_images/000214.jpg</path>
	<source>
		<database>Unknown</database>
	</source>
	<size>
		<width>960</width>
		<height>720</height>
		<depth>3</depth>
	</size>
	<segmented>0</segmented>
	<object>
		<name>gonzui</name>
		<pose>Unspecified</pose>
		<truncated>0</truncated>
		<difficult>0</difficult>
		<bndbox>
			<xmin>172</xmin>
			<ymin>262</ymin>
			<xmax>943</xmax>
			<ymax>550</ymax>
		</bndbox>
	</object>
</annotation>
