<annotation verified="yes">
	<folder>G_images</folder>
	<filename>000200.jpg</filename>
	<path>/Users/macbook/Desktop/G_images/000200.jpg</path>
	<source>
		<database>Unknown</database>
	</source>
	<size>
		<width>380</width>
		<height>285</height>
		<depth>3</depth>
	</size>
	<segmented>0</segmented>
	<object>
		<name>gonzui</name>
		<pose>Unspecified</pose>
		<truncated>0</truncated>
		<difficult>0</difficult>
		<bndbox>
			<xmin>66</xmin>
			<ymin>10</ymin>
			<xmax>151</xmax>
			<ymax>228</ymax>
		</bndbox>
	</object>
	<object>
		<name>gonzui</name>
		<pose>Unspecified</pose>
		<truncated>0</truncated>
		<difficult>0</difficult>
		<bndbox>
			<xmin>152</xmin>
			<ymin>44</ymin>
			<xmax>278</xmax>
			<ymax>207</ymax>
		</bndbox>
	</object>
</annotation>
