<annotation>
	<folder>G_images</folder>
	<filename>000382.jpg</filename>
	<path>/Users/macbook/Desktop/G_images/000382.jpg</path>
	<source>
		<database>Unknown</database>
	</source>
	<size>
		<width>500</width>
		<height>344</height>
		<depth>3</depth>
	</size>
	<segmented>0</segmented>
	<object>
		<name>gonzui</name>
		<pose>Unspecified</pose>
		<truncated>0</truncated>
		<difficult>0</difficult>
		<bndbox>
			<xmin>92</xmin>
			<ymin>60</ymin>
			<xmax>419</xmax>
			<ymax>128</ymax>
		</bndbox>
	</object>
</annotation>
