<annotation>
	<folder>G_images</folder>
	<filename>000380.jpg</filename>
	<path>/Users/macbook/Desktop/G_images/000380.jpg</path>
	<source>
		<database>Unknown</database>
	</source>
	<size>
		<width>620</width>
		<height>620</height>
		<depth>3</depth>
	</size>
	<segmented>0</segmented>
	<object>
		<name>gonzui</name>
		<pose>Unspecified</pose>
		<truncated>1</truncated>
		<difficult>0</difficult>
		<bndbox>
			<xmin>1</xmin>
			<ymin>138</ymin>
			<xmax>485</xmax>
			<ymax>457</ymax>
		</bndbox>
	</object>
</annotation>
