<annotation>
	<folder>G_images</folder>
	<filename>000341.jpg</filename>
	<path>/Users/macbook/Desktop/G_images/000341.jpg</path>
	<source>
		<database>Unknown</database>
	</source>
	<size>
		<width>400</width>
		<height>267</height>
		<depth>3</depth>
	</size>
	<segmented>0</segmented>
	<object>
		<name>gonzui</name>
		<pose>Unspecified</pose>
		<truncated>1</truncated>
		<difficult>0</difficult>
		<bndbox>
			<xmin>87</xmin>
			<ymin>1</ymin>
			<xmax>289</xmax>
			<ymax>222</ymax>
		</bndbox>
	</object>
</annotation>
