<annotation>
	<folder>G_images</folder>
	<filename>000375.gif</filename>
	<path>/Users/macbook/Desktop/G_images/000375.gif</path>
	<source>
		<database>Unknown</database>
	</source>
	<size>
		<width>300</width>
		<height>225</height>
		<depth>3</depth>
	</size>
	<segmented>0</segmented>
	<object>
		<name>gonzui</name>
		<pose>Unspecified</pose>
		<truncated>0</truncated>
		<difficult>0</difficult>
		<bndbox>
			<xmin>48</xmin>
			<ymin>37</ymin>
			<xmax>257</xmax>
			<ymax>167</ymax>
		</bndbox>
	</object>
</annotation>
