<annotation>
	<folder>G_images</folder>
	<filename>000387.jpg</filename>
	<path>/Users/macbook/Desktop/G_images/000387.jpg</path>
	<source>
		<database>Unknown</database>
	</source>
	<size>
		<width>1280</width>
		<height>720</height>
		<depth>3</depth>
	</size>
	<segmented>0</segmented>
	<object>
		<name>gonzui</name>
		<pose>Unspecified</pose>
		<truncated>0</truncated>
		<difficult>0</difficult>
		<bndbox>
			<xmin>609</xmin>
			<ymin>312</ymin>
			<xmax>1125</xmax>
			<ymax>462</ymax>
		</bndbox>
	</object>
	<object>
		<name>gonzui</name>
		<pose>Unspecified</pose>
		<truncated>0</truncated>
		<difficult>0</difficult>
		<bndbox>
			<xmin>748</xmin>
			<ymin>482</ymin>
			<xmax>1221</xmax>
			<ymax>599</ymax>
		</bndbox>
	</object>
	<object>
		<name>gonzui</name>
		<pose>Unspecified</pose>
		<truncated>0</truncated>
		<difficult>0</difficult>
		<bndbox>
			<xmin>693</xmin>
			<ymin>66</ymin>
			<xmax>1128</xmax>
			<ymax>255</ymax>
		</bndbox>
	</object>
	<object>
		<name>gonzui</name>
		<pose>Unspecified</pose>
		<truncated>1</truncated>
		<difficult>0</difficult>
		<bndbox>
			<xmin>270</xmin>
			<ymin>1</ymin>
			<xmax>491</xmax>
			<ymax>444</ymax>
		</bndbox>
	</object>
</annotation>
