<annotation>
	<folder>G_images</folder>
	<filename>000370.jpg</filename>
	<path>/Users/macbook/Desktop/G_images/000370.jpg</path>
	<source>
		<database>Unknown</database>
	</source>
	<size>
		<width>400</width>
		<height>300</height>
		<depth>3</depth>
	</size>
	<segmented>0</segmented>
	<object>
		<name>gonzui</name>
		<pose>Unspecified</pose>
		<truncated>0</truncated>
		<difficult>0</difficult>
		<bndbox>
			<xmin>45</xmin>
			<ymin>76</ymin>
			<xmax>381</xmax>
			<ymax>195</ymax>
		</bndbox>
	</object>
</annotation>
