<annotation>
	<folder>G_images</folder>
	<filename>000390.jpg</filename>
	<path>/Users/macbook/Desktop/G_images/000390.jpg</path>
	<source>
		<database>Unknown</database>
	</source>
	<size>
		<width>1300</width>
		<height>866</height>
		<depth>3</depth>
	</size>
	<segmented>0</segmented>
	<object>
		<name>gonzui</name>
		<pose>Unspecified</pose>
		<truncated>0</truncated>
		<difficult>0</difficult>
		<bndbox>
			<xmin>61</xmin>
			<ymin>313</ymin>
			<xmax>921</xmax>
			<ymax>640</ymax>
		</bndbox>
	</object>
</annotation>
