<annotation>
	<folder>G_images</folder>
	<filename>000307.jpg</filename>
	<path>/Users/macbook/Desktop/G_images/000307.jpg</path>
	<source>
		<database>Unknown</database>
	</source>
	<size>
		<width>1024</width>
		<height>768</height>
		<depth>3</depth>
	</size>
	<segmented>0</segmented>
	<object>
		<name>gonzui</name>
		<pose>Unspecified</pose>
		<truncated>0</truncated>
		<difficult>0</difficult>
		<bndbox>
			<xmin>58</xmin>
			<ymin>226</ymin>
			<xmax>974</xmax>
			<ymax>509</ymax>
		</bndbox>
	</object>
</annotation>
