<annotation>
	<folder>G_images</folder>
	<filename>000330.jpg</filename>
	<path>/Users/macbook/Desktop/G_images/000330.jpg</path>
	<source>
		<database>Unknown</database>
	</source>
	<size>
		<width>250</width>
		<height>163</height>
		<depth>3</depth>
	</size>
	<segmented>0</segmented>
	<object>
		<name>gonzui</name>
		<pose>Unspecified</pose>
		<truncated>0</truncated>
		<difficult>0</difficult>
		<bndbox>
			<xmin>45</xmin>
			<ymin>19</ymin>
			<xmax>229</xmax>
			<ymax>117</ymax>
		</bndbox>
	</object>
</annotation>
