<annotation>
	<folder>G_images</folder>
	<filename>000302.jpg</filename>
	<path>/Users/macbook/Desktop/G_images/000302.jpg</path>
	<source>
		<database>Unknown</database>
	</source>
	<size>
		<width>960</width>
		<height>721</height>
		<depth>3</depth>
	</size>
	<segmented>0</segmented>
	<object>
		<name>gonzui</name>
		<pose>Unspecified</pose>
		<truncated>0</truncated>
		<difficult>0</difficult>
		<bndbox>
			<xmin>136</xmin>
			<ymin>180</ymin>
			<xmax>959</xmax>
			<ymax>512</ymax>
		</bndbox>
	</object>
</annotation>
