<annotation>
	<folder>G_images</folder>
	<filename>000392.jpg</filename>
	<path>/Users/macbook/Desktop/G_images/000392.jpg</path>
	<source>
		<database>Unknown</database>
	</source>
	<size>
		<width>448</width>
		<height>336</height>
		<depth>3</depth>
	</size>
	<segmented>0</segmented>
	<object>
		<name>gonzui</name>
		<pose>Unspecified</pose>
		<truncated>1</truncated>
		<difficult>0</difficult>
		<bndbox>
			<xmin>32</xmin>
			<ymin>173</ymin>
			<xmax>448</xmax>
			<ymax>280</ymax>
		</bndbox>
	</object>
	<object>
		<name>gonzui</name>
		<pose>Unspecified</pose>
		<truncated>0</truncated>
		<difficult>0</difficult>
		<bndbox>
			<xmin>48</xmin>
			<ymin>39</ymin>
			<xmax>387</xmax>
			<ymax>140</ymax>
		</bndbox>
	</object>
</annotation>
