<annotation>
	<folder>G_images</folder>
	<filename>000360.jpg</filename>
	<path>/Users/macbook/Desktop/G_images/000360.jpg</path>
	<source>
		<database>Unknown</database>
	</source>
	<size>
		<width>1024</width>
		<height>657</height>
		<depth>3</depth>
	</size>
	<segmented>0</segmented>
	<object>
		<name>gonzui</name>
		<pose>Unspecified</pose>
		<truncated>0</truncated>
		<difficult>0</difficult>
		<bndbox>
			<xmin>97</xmin>
			<ymin>270</ymin>
			<xmax>1023</xmax>
			<ymax>564</ymax>
		</bndbox>
	</object>
	<object>
		<name>gonzui</name>
		<pose>Unspecified</pose>
		<truncated>0</truncated>
		<difficult>0</difficult>
		<bndbox>
			<xmin>78</xmin>
			<ymin>37</ymin>
			<xmax>972</xmax>
			<ymax>297</ymax>
		</bndbox>
	</object>
</annotation>
