<annotation>
	<folder>G_images</folder>
	<filename>000373.png</filename>
	<path>/Users/macbook/Desktop/G_images/000373.png</path>
	<source>
		<database>Unknown</database>
	</source>
	<size>
		<width>852</width>
		<height>508</height>
		<depth>3</depth>
	</size>
	<segmented>0</segmented>
	<object>
		<name>gonzui</name>
		<pose>Unspecified</pose>
		<truncated>0</truncated>
		<difficult>0</difficult>
		<bndbox>
			<xmin>23</xmin>
			<ymin>11</ymin>
			<xmax>835</xmax>
			<ymax>405</ymax>
		</bndbox>
	</object>
</annotation>
