<annotation>
	<folder>G_images</folder>
	<filename>000327.jpg</filename>
	<path>/Users/macbook/Desktop/G_images/000327.jpg</path>
	<source>
		<database>Unknown</database>
	</source>
	<size>
		<width>400</width>
		<height>274</height>
		<depth>3</depth>
	</size>
	<segmented>0</segmented>
	<object>
		<name>gonzui</name>
		<pose>Unspecified</pose>
		<truncated>0</truncated>
		<difficult>0</difficult>
		<bndbox>
			<xmin>58</xmin>
			<ymin>28</ymin>
			<xmax>325</xmax>
			<ymax>216</ymax>
		</bndbox>
	</object>
</annotation>
