<annotation verified="yes">
	<folder>G_images2</folder>
	<filename>11.jpg</filename>
	<path>/Users/macbook/Desktop/G_images2/11.jpg</path>
	<source>
		<database>Unknown</database>
	</source>
	<size>
		<width>592</width>
		<height>355</height>
		<depth>3</depth>
	</size>
	<segmented>0</segmented>
	<object>
		<name>gonzui</name>
		<pose>Unspecified</pose>
		<truncated>0</truncated>
		<difficult>0</difficult>
		<bndbox>
			<xmin>22</xmin>
			<ymin>11</ymin>
			<xmax>566</xmax>
			<ymax>334</ymax>
		</bndbox>
	</object>
</annotation>
