<annotation verified="yes">
	<folder>G_images2</folder>
	<filename>13.jpg</filename>
	<path>/Users/macbook/Desktop/G_images2/13.jpg</path>
	<source>
		<database>Unknown</database>
	</source>
	<size>
		<width>225</width>
		<height>150</height>
		<depth>3</depth>
	</size>
	<segmented>0</segmented>
	<object>
		<name>gonzui</name>
		<pose>Unspecified</pose>
		<truncated>0</truncated>
		<difficult>0</difficult>
		<bndbox>
			<xmin>57</xmin>
			<ymin>32</ymin>
			<xmax>97</xmax>
			<ymax>95</ymax>
		</bndbox>
	</object>
</annotation>
