<annotation verified="yes">
	<folder>G_images2</folder>
	<filename>14.jpg</filename>
	<path>/Users/macbook/Desktop/G_images2/14.jpg</path>
	<source>
		<database>Unknown</database>
	</source>
	<size>
		<width>450</width>
		<height>338</height>
		<depth>3</depth>
	</size>
	<segmented>0</segmented>
	<object>
		<name>gonzui</name>
		<pose>Unspecified</pose>
		<truncated>0</truncated>
		<difficult>0</difficult>
		<bndbox>
			<xmin>10</xmin>
			<ymin>26</ymin>
			<xmax>447</xmax>
			<ymax>172</ymax>
		</bndbox>
	</object>
</annotation>
