<annotation verified="yes">
	<folder>G_images2</folder>
	<filename>16.jpg</filename>
	<path>/Users/macbook/Desktop/G_images2/16.jpg</path>
	<source>
		<database>Unknown</database>
	</source>
	<size>
		<width>640</width>
		<height>426</height>
		<depth>3</depth>
	</size>
	<segmented>0</segmented>
	<object>
		<name>gonzui</name>
		<pose>Unspecified</pose>
		<truncated>0</truncated>
		<difficult>0</difficult>
		<bndbox>
			<xmin>57</xmin>
			<ymin>23</ymin>
			<xmax>520</xmax>
			<ymax>415</ymax>
		</bndbox>
	</object>
</annotation>
