<annotation verified="yes">
	<folder>G_images2</folder>
	<filename>18.jpg</filename>
	<path>/Users/macbook/Desktop/G_images2/18.jpg</path>
	<source>
		<database>Unknown</database>
	</source>
	<size>
		<width>2000</width>
		<height>765</height>
		<depth>3</depth>
	</size>
	<segmented>0</segmented>
	<object>
		<name>gonzui</name>
		<pose>Unspecified</pose>
		<truncated>0</truncated>
		<difficult>0</difficult>
		<bndbox>
			<xmin>125</xmin>
			<ymin>68</ymin>
			<xmax>1981</xmax>
			<ymax>687</ymax>
		</bndbox>
	</object>
</annotation>
