<annotation>
	<folder>G_images2</folder>
	<filename>2.jpg</filename>
	<path>/Users/macbook/Desktop/G_images2/2.jpg</path>
	<source>
		<database>Unknown</database>
	</source>
	<size>
		<width>3264</width>
		<height>2448</height>
		<depth>3</depth>
	</size>
	<segmented>0</segmented>
	<object>
		<name>gonzui</name>
		<pose>Unspecified</pose>
		<truncated>0</truncated>
		<difficult>0</difficult>
		<bndbox>
			<xmin>40</xmin>
			<ymin>1168</ymin>
			<xmax>1115</xmax>
			<ymax>1533</ymax>
		</bndbox>
	</object>
	<object>
		<name>gonzui</name>
		<pose>Unspecified</pose>
		<truncated>0</truncated>
		<difficult>0</difficult>
		<bndbox>
			<xmin>1944</xmin>
			<ymin>1122</ymin>
			<xmax>2765</xmax>
			<ymax>1679</ymax>
		</bndbox>
	</object>
</annotation>
