<annotation verified="yes">
	<folder>G_images2</folder>
	<filename>6.jpg</filename>
	<path>/Users/macbook/Desktop/G_images2/6.jpg</path>
	<source>
		<database>Unknown</database>
	</source>
	<size>
		<width>1024</width>
		<height>768</height>
		<depth>3</depth>
	</size>
	<segmented>0</segmented>
	<object>
		<name>gonzui</name>
		<pose>Unspecified</pose>
		<truncated>0</truncated>
		<difficult>0</difficult>
		<bndbox>
			<xmin>564</xmin>
			<ymin>86</ymin>
			<xmax>897</xmax>
			<ymax>226</ymax>
		</bndbox>
	</object>
</annotation>
