<annotation verified="yes">
	<folder>G_images2</folder>
	<filename>7.jpg</filename>
	<path>/Users/macbook/Desktop/G_images2/7.jpg</path>
	<source>
		<database>Unknown</database>
	</source>
	<size>
		<width>350</width>
		<height>262</height>
		<depth>3</depth>
	</size>
	<segmented>0</segmented>
	<object>
		<name>gonzui</name>
		<pose>Unspecified</pose>
		<truncated>0</truncated>
		<difficult>0</difficult>
		<bndbox>
			<xmin>114</xmin>
			<ymin>47</ymin>
			<xmax>182</xmax>
			<ymax>74</ymax>
		</bndbox>
	</object>
	<object>
		<name>gonzui</name>
		<pose>Unspecified</pose>
		<truncated>0</truncated>
		<difficult>0</difficult>
		<bndbox>
			<xmin>70</xmin>
			<ymin>172</ymin>
			<xmax>124</xmax>
			<ymax>189</ymax>
		</bndbox>
	</object>
</annotation>
