<annotation verified="yes">
	<folder>G_images2</folder>
	<filename>8.jpg</filename>
	<path>/Users/macbook/Desktop/G_images2/8.jpg</path>
	<source>
		<database>Unknown</database>
	</source>
	<size>
		<width>612</width>
		<height>408</height>
		<depth>3</depth>
	</size>
	<segmented>0</segmented>
	<object>
		<name>gonzui</name>
		<pose>Unspecified</pose>
		<truncated>0</truncated>
		<difficult>0</difficult>
		<bndbox>
			<xmin>348</xmin>
			<ymin>8</ymin>
			<xmax>485</xmax>
			<ymax>111</ymax>
		</bndbox>
	</object>
	<object>
		<name>gonzui</name>
		<pose>Unspecified</pose>
		<truncated>1</truncated>
		<difficult>0</difficult>
		<bndbox>
			<xmin>185</xmin>
			<ymin>1</ymin>
			<xmax>316</xmax>
			<ymax>123</ymax>
		</bndbox>
	</object>
</annotation>
