<annotation verified="yes">
	<folder>G_images2</folder>
	<filename>9.jpg</filename>
	<path>/Users/macbook/Desktop/G_images2/9.jpg</path>
	<source>
		<database>Unknown</database>
	</source>
	<size>
		<width>369</width>
		<height>316</height>
		<depth>3</depth>
	</size>
	<segmented>0</segmented>
	<object>
		<name>gonzui</name>
		<pose>Unspecified</pose>
		<truncated>0</truncated>
		<difficult>0</difficult>
		<bndbox>
			<xmin>38</xmin>
			<ymin>31</ymin>
			<xmax>212</xmax>
			<ymax>81</ymax>
		</bndbox>
	</object>
	<object>
		<name>gonzui</name>
		<pose>Unspecified</pose>
		<truncated>0</truncated>
		<difficult>0</difficult>
		<bndbox>
			<xmin>116</xmin>
			<ymin>85</ymin>
			<xmax>282</xmax>
			<ymax>178</ymax>
		</bndbox>
	</object>
</annotation>
